tenure,monthly_charges,contract,internet,tech_support,churn
6,43.98,one-year,fiber,1,0
55,32.58,month-to-month,dsl,1,0
47,103.81,month-to-month,dsl,1,0
31,130.0,month-to-month,dsl,0,0
31,58.11,month-to-month,dsl,1,0
61,36.99,month-to-month,dsl,0,0
6,15.0,month-to-month,fiber,0,1
50,63.9,month-to-month,fiber,1,0
14,62.09,month-to-month,dsl,1,0
6,53.72,one-year,dsl,0,1
37,75.53,two-year,fiber,0,0
70,79.88,one-year,fiber,0,0
52,78.08,one-year,none,1,0
54,62.1,two-year,none,0,0
51,42.46,month-to-month,dsl,0,0
56,86.65,one-year,dsl,0,0
36,70.31,month-to-month,none,1,1
9,92.21,month-to-month,dsl,1,1
60,89.75,month-to-month,fiber,1,0
32,34.46,month-to-month,dsl,1,0
36,34.14,one-year,none,0,0
26,51.11,month-to-month,dsl,0,0
13,43.59,one-year,fiber,0,1
66,88.88,two-year,none,0,0
56,78.78,month-to-month,dsl,1,0
46,97.48,month-to-month,fiber,0,0
28,79.91,month-to-month,none,1,1
59,75.22,month-to-month,dsl,0,0
39,99.99,two-year,none,0,0
31,81.74,one-year,none,1,0
32,71.7,one-year,fiber,0,1
16,107.01,month-to-month,dsl,0,1
6,72.88,one-year,fiber,1,1
39,62.39,one-year,none,0,0
63,49.05,month-to-month,none,0,0
4,87.58,month-to-month,none,0,1
61,100.93,month-to-month,dsl,1,0
59,68.74,month-to-month,dsl,0,0
19,102.7,two-year,fiber,0,1
45,20.75,one-year,fiber,0,0
11,68.61,month-to-month,fiber,0,1
54,69.0,two-year,none,1,0
50,51.83,month-to-month,dsl,0,0
25,129.6,month-to-month,dsl,1,0
4,68.35,two-year,fiber,1,0
69,59.81,two-year,dsl,0,0
32,70.65,one-year,dsl,1,0
64,19.93,month-to-month,none,1,0
48,51.0,two-year,none,1,0
56,94.58,one-year,dsl,1,0
54,54.28,one-year,none,0,0
14,49.28,month-to-month,fiber,0,1
26,102.74,month-to-month,fiber,0,1
33,103.51,two-year,dsl,1,0
35,82.92,two-year,dsl,0,0
3,58.62,one-year,fiber,1,1
39,64.01,month-to-month,fiber,1,1
11,49.9,one-year,dsl,0,0
53,45.13,month-to-month,fiber,1,0
49,43.89,month-to-month,fiber,0,0
66,54.55,month-to-month,dsl,0,0
53,44.13,month-to-month,none,1,0
26,30.91,one-year,fiber,0,0
69,75.49,month-to-month,fiber,0,0
29,75.86,month-to-month,fiber,1,1
23,112.52,two-year,fiber,1,0
65,53.29,one-year,dsl,1,0
26,77.4,month-to-month,fiber,0,1
5,77.82,month-to-month,fiber,0,1
33,63.65,one-year,none,0,0
57,88.61,month-to-month,dsl,0,0
13,89.38,month-to-month,fiber,1,1
33,78.19,month-to-month,fiber,0,0
9,63.61,month-to-month,none,1,0
49,61.06,one-year,dsl,0,1
34,35.81,month-to-month,none,0,0
23,49.85,month-to-month,fiber,0,1
16,54.45,month-to-month,dsl,0,0
40,41.9,month-to-month,fiber,0,1
48,81.0,month-to-month,fiber,1,0
67,99.92,two-year,dsl,1,0
31,47.3,month-to-month,dsl,1,0
11,77.09,month-to-month,fiber,0,1
59,44.15,month-to-month,fiber,1,0
45,62.38,one-year,dsl,1,0
50,52.74,month-to-month,fiber,0,0
7,85.05,two-year,fiber,1,0
22,53.03,one-year,fiber,1,0
55,95.29,month-to-month,fiber,1,0
59,63.86,one-year,none,1,0
31,53.76,month-to-month,fiber,0,0
57,38.67,two-year,dsl,0,0
60,76.33,two-year,dsl,0,0
27,92.38,month-to-month,fiber,0,1
64,76.83,one-year,dsl,0,0
20,125.97,month-to-month,fiber,0,1
17,105.74,month-to-month,none,1,0
49,62.31,one-year,dsl,0,0
45,62.05,two-year,dsl,1,0
10,81.74,month-to-month,fiber,1,0
59,49.05,one-year,none,0,0
14,99.16,one-year,dsl,0,1
57,79.04,month-to-month,fiber,1,0
0,76.41,one-year,fiber,0,1
57,87.17,one-year,fiber,0,0
56,113.07,one-year,fiber,1,0
56,74.27,two-year,fiber,0,0
47,67.17,month-to-month,none,0,0
33,107.72,month-to-month,none,1,0
50,94.19,month-to-month,fiber,0,1
19,61.98,month-to-month,none,0,0
56,70.13,month-to-month,dsl,0,0
40,74.88,two-year,dsl,0,0
33,79.05,month-to-month,none,0,0
36,36.09,one-year,dsl,0,0
40,31.44,month-to-month,dsl,0,0
2,47.82,month-to-month,fiber,1,1
10,45.88,two-year,fiber,1,0
17,53.9,one-year,none,0,0
8,85.87,month-to-month,fiber,1,1
31,65.78,two-year,fiber,0,0
48,74.91,month-to-month,fiber,1,0
47,39.39,month-to-month,dsl,0,0
33,58.46,month-to-month,fiber,1,0
61,84.68,one-year,none,1,0
40,84.87,month-to-month,fiber,0,1
5,51.89,two-year,none,0,0
55,74.04,month-to-month,dsl,0,0
41,124.97,month-to-month,dsl,0,1
45,69.56,two-year,fiber,0,0
40,52.67,month-to-month,fiber,1,0
39,65.66,month-to-month,none,0,0
6,72.3,month-to-month,dsl,0,1
40,66.22,month-to-month,fiber,1,1
57,69.22,month-to-month,none,1,0
21,33.91,month-to-month,none,0,0
43,45.93,one-year,fiber,1,0
2,66.27,month-to-month,dsl,1,1
25,65.87,month-to-month,dsl,1,0
31,55.85,one-year,none,0,0
70,65.57,month-to-month,fiber,0,0
15,71.53,one-year,fiber,0,0
19,92.24,one-year,fiber,1,1
29,67.52,month-to-month,fiber,1,1
71,79.98,month-to-month,fiber,1,0
61,56.46,month-to-month,dsl,0,0
2,84.3,month-to-month,dsl,0,0
16,79.39,month-to-month,fiber,1,0
59,91.65,one-year,dsl,0,0
4,87.84,one-year,fiber,0,0
61,84.72,month-to-month,fiber,1,0
20,67.54,two-year,dsl,1,0
66,76.12,month-to-month,none,0,0
21,96.59,two-year,fiber,1,0
31,53.7,two-year,none,0,0
47,54.29,month-to-month,none,0,0
9,74.54,month-to-month,dsl,0,1
40,80.38,month-to-month,none,0,1
36,49.4,two-year,fiber,0,0
56,68.13,month-to-month,fiber,0,0
71,67.65,two-year,none,0,0
47,15.0,month-to-month,dsl,0,0
29,64.51,month-to-month,fiber,0,1
29,66.07,one-year,fiber,1,0
30,65.99,month-to-month,fiber,0,1
58,105.4,month-to-month,fiber,0,0
23,39.61,two-year,fiber,0,0
12,49.38,month-to-month,none,0,0
24,15.0,two-year,fiber,1,0
1,57.98,two-year,none,1,0
7,60.11,month-to-month,fiber,0,1
6,57.25,month-to-month,fiber,0,1
55,97.69,month-to-month,none,0,0
52,91.52,one-year,fiber,0,0
50,71.95,two-year,fiber,1,0
33,60.73,two-year,none,0,0
51,95.65,two-year,fiber,1,0
11,69.51,month-to-month,fiber,1,1
64,49.54,month-to-month,none,0,0
36,27.09,month-to-month,fiber,0,0
67,58.97,two-year,dsl,1,0
10,88.87,month-to-month,fiber,1,1
35,126.91,month-to-month,fiber,0,1
50,71.54,month-to-month,dsl,1,0
35,50.87,month-to-month,dsl,0,0
32,40.38,month-to-month,fiber,0,0
11,83.8,month-to-month,none,1,1
27,25.88,two-year,dsl,0,0
17,83.76,one-year,dsl,0,1
21,90.44,month-to-month,dsl,0,1
49,80.91,one-year,dsl,1,0
45,64.51,month-to-month,dsl,1,0
43,84.12,one-year,fiber,1,0
26,74.27,month-to-month,none,1,0
69,50.55,one-year,dsl,0,0
6,116.26,month-to-month,none,0,1
24,61.21,month-to-month,none,0,0
8,89.39,one-year,fiber,0,0
24,15.0,one-year,fiber,1,0
69,101.91,one-year,dsl,0,0
26,106.72,month-to-month,dsl,1,0
65,70.75,month-to-month,none,0,0
35,83.97,one-year,fiber,1,0
50,83.96,month-to-month,dsl,0,0
32,53.93,month-to-month,none,1,0
19,83.68,month-to-month,none,0,1
55,49.78,month-to-month,fiber,0,0
69,54.78,month-to-month,none,1,0
18,98.17,month-to-month,fiber,1,0
56,94.37,one-year,dsl,0,0
18,52.34,one-year,fiber,1,0
51,51.66,one-year,dsl,0,0
56,53.86,one-year,fiber,1,0
32,88.32,month-to-month,fiber,0,0
53,45.0,two-year,fiber,1,0
19,78.92,one-year,none,0,0
5,88.67,month-to-month,dsl,1,1
6,67.79,month-to-month,dsl,1,1
32,95.25,one-year,dsl,1,0
64,62.39,one-year,fiber,1,0
9,64.65,one-year,fiber,1,0
32,45.57,one-year,fiber,0,0
50,95.43,two-year,dsl,0,0
14,50.84,two-year,none,0,0
51,78.74,one-year,fiber,0,0
22,68.22,two-year,dsl,0,0
58,43.68,two-year,none,1,0
41,54.77,month-to-month,none,0,0
39,104.57,one-year,fiber,0,0
12,75.04,month-to-month,none,0,0
33,44.77,month-to-month,dsl,1,0
61,77.63,month-to-month,dsl,0,0
1,66.35,month-to-month,dsl,0,1
54,130.0,month-to-month,fiber,0,1
35,77.13,month-to-month,none,0,0
51,60.48,month-to-month,dsl,0,1
47,105.5,one-year,dsl,1,0
31,23.97,two-year,none,1,0
22,72.36,two-year,dsl,1,0
45,119.86,month-to-month,fiber,0,1
10,67.1,month-to-month,fiber,0,1
42,26.67,two-year,none,0,0
6,60.1,month-to-month,dsl,1,0
46,106.36,two-year,none,1,0
45,79.4,one-year,fiber,0,0
6,49.03,month-to-month,dsl,0,1
54,52.87,month-to-month,none,1,0
29,56.01,month-to-month,dsl,0,0
56,79.03,month-to-month,fiber,1,0
2,103.45,month-to-month,fiber,0,1
12,96.31,two-year,none,1,0
35,81.4,one-year,dsl,0,0
13,36.71,month-to-month,fiber,1,0
23,36.8,month-to-month,dsl,1,0
47,83.33,month-to-month,fiber,0,0
10,36.36,month-to-month,fiber,1,0
48,64.36,one-year,fiber,0,0
7,77.6,one-year,fiber,0,0
12,41.56,two-year,none,0,0
42,44.39,month-to-month,fiber,1,0
57,67.65,month-to-month,none,0,0
12,82.59,two-year,dsl,0,0
21,96.54,one-year,fiber,0,1
66,85.18,one-year,fiber,0,0
71,71.84,month-to-month,fiber,0,0
41,51.35,two-year,dsl,0,0
32,43.23,month-to-month,none,1,0
24,57.23,month-to-month,dsl,0,0
44,80.25,one-year,dsl,1,0
42,78.42,month-to-month,none,0,0
21,17.5,two-year,dsl,0,0
1,50.36,month-to-month,dsl,0,0
10,100.11,month-to-month,dsl,0,1
69,71.98,month-to-month,fiber,1,0
30,34.57,two-year,fiber,0,0
34,128.9,one-year,dsl,0,0
33,69.28,month-to-month,dsl,0,0
56,79.61,month-to-month,fiber,1,0
4,79.99,month-to-month,none,0,0
5,60.81,month-to-month,fiber,0,1
19,51.81,one-year,dsl,0,0
35,123.04,month-to-month,none,0,1
48,95.08,month-to-month,fiber,1,0
35,90.55,month-to-month,none,0,1
31,84.41,one-year,none,0,0
67,44.92,one-year,dsl,0,0
11,101.94,one-year,none,1,0
41,48.92,one-year,dsl,0,0
39,77.08,two-year,dsl,1,0
34,29.02,month-to-month,dsl,1,0
58,18.98,two-year,fiber,0,0
19,77.96,one-year,fiber,1,0
68,49.77,month-to-month,fiber,0,0
23,20.27,two-year,fiber,0,0
39,83.52,one-year,none,0,0
37,123.0,one-year,none,0,0
61,104.74,month-to-month,none,0,1
31,63.57,month-to-month,fiber,1,0
20,70.22,two-year,dsl,1,0
1,92.19,month-to-month,dsl,1,1
26,98.05,month-to-month,fiber,0,1
59,61.41,month-to-month,dsl,0,0
0,70.85,month-to-month,fiber,0,1
64,77.52,two-year,none,1,0
39,83.85,one-year,fiber,0,0
10,66.67,two-year,none,0,0
21,67.0,month-to-month,none,1,1
39,104.5,month-to-month,dsl,1,0
22,100.24,month-to-month,fiber,0,1
7,81.94,month-to-month,fiber,1,1
47,112.98,one-year,none,0,1
48,60.34,month-to-month,fiber,1,0
8,110.57,month-to-month,fiber,1,1
20,83.56,two-year,none,1,0
17,130.0,one-year,dsl,0,1
47,40.19,month-to-month,dsl,0,0
52,52.77,one-year,fiber,0,0
52,80.47,month-to-month,dsl,0,0
67,79.93,two-year,none,1,0
55,118.75,one-year,fiber,0,0
23,53.29,month-to-month,fiber,0,1
7,92.62,month-to-month,fiber,0,1
44,99.06,month-to-month,dsl,0,0
65,87.62,one-year,fiber,0,0
70,45.98,month-to-month,none,0,0
16,105.19,one-year,fiber,1,0
17,100.73,month-to-month,fiber,1,1
2,84.99,month-to-month,none,1,1
10,75.11,month-to-month,none,1,1
39,75.65,month-to-month,dsl,0,1
39,68.03,month-to-month,none,1,0
26,86.02,one-year,fiber,0,0
22,70.78,two-year,dsl,0,0
59,48.79,month-to-month,fiber,0,0
33,43.79,one-year,dsl,0,0
58,51.2,month-to-month,dsl,1,0
69,75.55,one-year,none,0,0
22,69.33,month-to-month,fiber,0,0
14,75.38,one-year,fiber,0,0
68,82.52,month-to-month,none,0,0
45,54.32,month-to-month,dsl,1,0
20,106.64,one-year,fiber,0,0
44,63.31,month-to-month,fiber,0,0
37,59.16,month-to-month,fiber,1,0
65,82.06,month-to-month,fiber,1,0
18,24.09,two-year,fiber,0,0
71,50.24,month-to-month,dsl,0,0
67,94.53,month-to-month,dsl,1,0
13,26.56,two-year,dsl,0,0
11,97.94,one-year,fiber,0,1
38,107.78,month-to-month,fiber,0,1
3,60.76,one-year,fiber,0,1
21,77.3,month-to-month,none,1,0
31,97.98,month-to-month,dsl,1,0
69,58.33,month-to-month,fiber,0,0
71,91.69,one-year,dsl,1,0
10,53.22,two-year,dsl,1,0
64,58.06,month-to-month,dsl,0,0
6,50.02,month-to-month,dsl,1,0
53,78.57,month-to-month,none,1,0
60,98.95,month-to-month,fiber,0,0
64,65.4,month-to-month,dsl,0,0
16,38.22,one-year,dsl,1,0
64,42.93,month-to-month,dsl,1,0
8,79.86,two-year,fiber,0,0
37,116.1,month-to-month,dsl,0,0
33,79.84,month-to-month,fiber,1,0
22,60.33,month-to-month,dsl,0,0
1,89.15,one-year,dsl,1,0
55,64.01,month-to-month,fiber,1,0
24,60.54,month-to-month,none,0,1
47,46.04,month-to-month,none,1,0
29,105.21,one-year,dsl,1,0
26,15.0,two-year,none,0,0
63,89.95,month-to-month,none,0,0
6,58.41,month-to-month,fiber,0,1
53,59.74,month-to-month,dsl,1,0
53,112.31,month-to-month,dsl,1,0
27,52.15,two-year,dsl,0,0
18,53.0,month-to-month,none,1,1
0,66.74,one-year,dsl,1,1
67,80.35,two-year,fiber,0,0
68,58.95,one-year,dsl,0,0
17,30.65,month-to-month,dsl,1,0
2,48.36,one-year,fiber,0,1
8,102.03,month-to-month,fiber,1,1
4,71.87,month-to-month,fiber,0,1
59,81.28,two-year,dsl,0,0
64,63.46,month-to-month,fiber,0,0
11,53.51,month-to-month,fiber,0,0
53,111.94,month-to-month,fiber,1,0
12,65.3,month-to-month,dsl,0,1
26,58.92,one-year,fiber,0,0
43,97.4,one-year,fiber,0,1
51,51.94,one-year,dsl,1,0
62,55.13,month-to-month,fiber,0,0
3,70.26,month-to-month,fiber,1,0
14,70.01,month-to-month,dsl,0,1
20,76.49,month-to-month,fiber,0,1
22,122.29,one-year,fiber,1,0
71,78.41,one-year,fiber,0,0
55,15.0,two-year,fiber,1,0
23,78.16,one-year,dsl,1,0
69,70.95,month-to-month,none,1,0
35,71.09,one-year,fiber,0,0
36,76.15,one-year,dsl,1,0
31,69.28,two-year,none,0,0
10,68.68,month-to-month,dsl,0,1
67,85.33,one-year,dsl,0,0
1,56.45,month-to-month,dsl,0,1
12,46.31,one-year,dsl,0,0
16,130.0,two-year,none,1,0
20,52.1,two-year,fiber,0,0
9,72.5,month-to-month,none,0,0
1,32.61,month-to-month,dsl,0,1
48,72.91,one-year,dsl,1,0
69,46.67,one-year,dsl,0,0
8,58.94,two-year,fiber,1,0
21,96.13,month-to-month,fiber,0,1
36,81.8,two-year,none,1,0
66,84.21,one-year,dsl,0,0
49,25.72,month-to-month,none,1,0
55,115.92,month-to-month,fiber,0,1
41,40.2,one-year,fiber,0,0
30,108.21,month-to-month,fiber,1,0
14,95.54,one-year,fiber,1,1
62,84.43,one-year,dsl,0,0
57,48.63,month-to-month,none,0,0
1,73.79,month-to-month,none,1,1
51,58.23,two-year,dsl,0,0
6,70.73,one-year,fiber,1,0
53,63.75,one-year,dsl,0,0
59,19.03,one-year,dsl,0,0
9,98.04,one-year,dsl,0,1
31,67.97,two-year,dsl,0,0
8,57.88,one-year,fiber,0,0
40,55.99,month-to-month,fiber,0,0
66,78.96,month-to-month,none,1,0
5,47.66,month-to-month,dsl,0,0
28,15.0,one-year,none,1,0
70,80.18,month-to-month,fiber,0,0
21,82.98,one-year,dsl,1,0
9,65.01,two-year,fiber,0,0
35,41.3,month-to-month,none,1,0
36,72.22,month-to-month,fiber,1,0
47,33.39,one-year,dsl,1,0
22,44.32,month-to-month,fiber,1,0
68,51.23,one-year,fiber,0,0
37,91.1,month-to-month,fiber,0,1
20,60.93,month-to-month,dsl,0,1
69,58.8,one-year,none,1,0
66,118.87,month-to-month,none,0,0
35,78.81,month-to-month,dsl,1,0
1,78.47,month-to-month,dsl,1,1
42,60.76,month-to-month,dsl,0,0
39,55.09,two-year,fiber,0,0
10,15.34,month-to-month,none,0,0
45,94.22,month-to-month,dsl,0,0
60,81.21,month-to-month,dsl,0,0
7,65.52,month-to-month,fiber,0,1
52,66.57,month-to-month,fiber,1,0
10,88.4,one-year,fiber,1,0
53,31.13,month-to-month,none,0,0
30,55.25,one-year,dsl,0,1
0,41.59,month-to-month,dsl,1,0
69,114.29,month-to-month,dsl,0,0
11,91.89,month-to-month,dsl,1,1
42,15.0,one-year,fiber,0,0
13,32.16,two-year,fiber,1,0
67,66.69,month-to-month,dsl,1,0
53,58.19,two-year,fiber,1,0
57,36.89,month-to-month,fiber,1,0
31,118.62,one-year,dsl,0,0
33,77.81,one-year,fiber,0,0
45,81.87,month-to-month,none,1,0
56,52.7,month-to-month,none,0,0
60,88.06,month-to-month,none,0,1
1,60.49,one-year,none,0,0
47,62.92,month-to-month,fiber,0,0
7,85.28,two-year,fiber,0,0
20,29.28,month-to-month,dsl,0,0
59,109.93,two-year,fiber,0,0
18,74.56,month-to-month,none,0,0
57,102.02,one-year,fiber,1,0
33,43.11,month-to-month,dsl,0,0
16,46.92,month-to-month,dsl,1,1
24,40.95,month-to-month,none,1,0
38,76.26,one-year,dsl,0,0
55,71.65,month-to-month,dsl,0,0
43,58.39,one-year,fiber,0,0
67,44.65,two-year,dsl,1,0
62,38.34,month-to-month,dsl,0,0
54,68.79,month-to-month,dsl,0,0
43,58.36,month-to-month,dsl,0,0
20,52.86,month-to-month,fiber,1,1
29,108.68,month-to-month,fiber,0,1
8,67.94,one-year,none,0,0
26,101.75,month-to-month,fiber,1,0
66,56.67,month-to-month,dsl,0,0
30,76.12,one-year,dsl,1,0
8,68.61,month-to-month,none,1,0
46,27.56,one-year,fiber,0,0
69,105.71,two-year,fiber,0,0
62,66.62,month-to-month,none,0,0
19,88.66,month-to-month,dsl,1,1
32,51.2,two-year,dsl,1,0
38,65.88,one-year,fiber,0,0
17,48.33,one-year,fiber,1,0
19,100.9,one-year,none,0,0
17,77.79,month-to-month,dsl,0,0
71,79.18,month-to-month,none,0,0
53,103.95,one-year,none,1,0
60,98.91,one-year,dsl,0,0
58,89.13,one-year,dsl,1,0
69,34.46,month-to-month,dsl,0,0
7,52.61,two-year,none,1,0
63,44.9,month-to-month,dsl,1,0
4,88.19,month-to-month,fiber,0,1
34,74.27,month-to-month,none,0,0
42,35.24,month-to-month,dsl,1,0
25,65.28,one-year,none,0,0
10,32.65,month-to-month,fiber,0,1
13,68.67,one-year,dsl,1,0
59,28.62,month-to-month,dsl,0,0
22,83.22,month-to-month,dsl,1,1
22,79.45,month-to-month,fiber,0,0
66,117.7,month-to-month,fiber,0,0
10,91.2,one-year,dsl,1,0
65,59.43,month-to-month,none,1,0
66,90.45,month-to-month,fiber,0,0
43,35.06,month-to-month,fiber,0,0
11,45.94,month-to-month,dsl,0,0
11,78.33,month-to-month,fiber,0,0
20,16.04,two-year,fiber,1,0
41,69.07,month-to-month,dsl,0,1
11,44.49,month-to-month,dsl,0,0
32,72.53,two-year,fiber,0,0
8,43.06,one-year,fiber,0,1
38,80.61,month-to-month,none,1,1
1,70.48,one-year,dsl,0,0
51,105.01,two-year,dsl,0,0
3,70.17,month-to-month,fiber,0,1
14,50.78,month-to-month,none,0,1
12,63.83,two-year,none,0,0
59,36.39,one-year,fiber,1,0
3,80.15,two-year,dsl,0,0
30,84.75,month-to-month,dsl,0,0
42,130.0,two-year,fiber,0,0
37,54.45,month-to-month,dsl,1,0
49,63.31,one-year,fiber,0,0
57,55.61,two-year,dsl,0,0
28,75.3,month-to-month,none,0,1
59,79.54,month-to-month,fiber,0,0
22,68.67,one-year,fiber,0,0
70,97.16,two-year,fiber,1,0
36,54.58,month-to-month,none,0,0
52,94.65,two-year,fiber,1,0
63,83.46,month-to-month,fiber,0,0
57,69.7,month-to-month,dsl,1,0
61,62.13,month-to-month,dsl,0,0
38,130.0,two-year,dsl,0,0
3,49.57,month-to-month,none,1,0
35,77.45,one-year,fiber,0,1
13,51.24,month-to-month,dsl,0,1
64,114.64,two-year,dsl,1,0
17,92.17,one-year,fiber,1,0
16,53.04,month-to-month,none,1,0
17,82.81,month-to-month,dsl,0,0
46,76.44,month-to-month,fiber,1,0
41,57.08,month-to-month,fiber,1,0
68,88.95,two-year,fiber,1,0
29,79.73,one-year,none,0,1
20,75.39,month-to-month,fiber,1,1
3,68.95,one-year,none,1,0
0,80.78,month-to-month,fiber,0,1
26,75.73,month-to-month,none,0,0
66,71.48,month-to-month,none,0,0
37,53.97,month-to-month,fiber,0,1
64,112.34,one-year,fiber,1,0
7,43.74,month-to-month,none,0,1
6,80.69,one-year,fiber,0,1
60,61.99,month-to-month,fiber,1,0
7,113.99,one-year,none,1,1
3,47.41,month-to-month,none,0,1
29,51.62,month-to-month,dsl,0,0
66,45.75,month-to-month,none,0,0
49,78.09,month-to-month,dsl,0,0
7,35.67,month-to-month,dsl,0,1
60,58.04,month-to-month,fiber,0,0
60,16.19,one-year,dsl,1,0
57,76.01,month-to-month,dsl,0,0
64,57.49,one-year,dsl,0,0
17,32.8,one-year,none,1,0
70,97.14,month-to-month,dsl,0,0
23,37.31,one-year,dsl,0,0
57,89.92,month-to-month,dsl,0,0
41,52.47,one-year,fiber,0,0
56,110.04,one-year,fiber,0,1
45,88.74,one-year,none,0,0
46,44.8,month-to-month,fiber,0,0
44,47.07,one-year,dsl,1,0
56,85.14,month-to-month,dsl,1,0
53,63.44,month-to-month,none,0,0
9,65.77,month-to-month,dsl,1,1
59,101.81,month-to-month,fiber,0,0
38,51.28,one-year,fiber,0,0
23,72.28,two-year,dsl,0,0
37,93.87,month-to-month,fiber,0,0
69,90.23,one-year,dsl,0,0
61,66.01,one-year,fiber,1,0
60,62.78,two-year,fiber,0,0
33,26.53,one-year,none,0,0
56,43.59,month-to-month,none,0,0
27,77.96,month-to-month,dsl,1,0
49,66.55,one-year,fiber,0,0
46,71.87,month-to-month,none,1,0
17,95.98,two-year,dsl,0,0
19,40.32,two-year,none,1,0
4,64.1,two-year,fiber,0,1
10,74.72,month-to-month,fiber,0,1
31,52.4,one-year,dsl,0,0
34,105.79,one-year,none,0,0
11,92.71,month-to-month,fiber,0,1
30,77.25,month-to-month,fiber,0,0
43,114.86,month-to-month,dsl,0,0
16,32.53,month-to-month,none,0,1
24,69.81,two-year,dsl,0,0
26,79.16,two-year,none,1,0
36,47.14,month-to-month,dsl,1,0
26,77.52,month-to-month,none,1,0
53,42.34,month-to-month,dsl,0,0
23,87.26,month-to-month,fiber,0,1
31,96.45,month-to-month,dsl,1,0
27,76.81,one-year,dsl,1,0
13,23.68,one-year,dsl,1,0
49,45.83,two-year,fiber,1,0
16,84.12,two-year,dsl,1,0
21,70.53,month-to-month,none,1,0
57,15.0,one-year,fiber,0,0
68,101.07,month-to-month,none,0,0
48,73.42,month-to-month,fiber,1,0
65,49.52,month-to-month,fiber,1,0
61,94.87,month-to-month,fiber,0,0
34,53.06,month-to-month,dsl,0,0
55,52.79,month-to-month,fiber,1,0
23,78.96,month-to-month,dsl,0,1
33,114.53,two-year,dsl,1,0
38,110.59,month-to-month,dsl,0,0
69,78.99,month-to-month,none,0,0
61,81.56,two-year,none,1,0
35,89.79,one-year,fiber,1,0
46,38.58,month-to-month,fiber,0,0
14,86.1,two-year,fiber,0,0
57,51.65,month-to-month,dsl,0,0
39,77.96,month-to-month,fiber,0,1
38,64.31,month-to-month,dsl,1,0
55,82.53,month-to-month,dsl,0,0
45,72.95,one-year,dsl,1,0
5,15.0,month-to-month,fiber,1,0
20,74.47,one-year,fiber,0,0
12,86.05,one-year,fiber,0,1
52,81.15,two-year,none,1,0
2,67.44,month-to-month,dsl,0,1
14,111.05,month-to-month,dsl,1,0
43,77.78,two-year,dsl,0,0
50,80.94,one-year,dsl,0,0
36,96.11,month-to-month,fiber,0,1
61,79.06,month-to-month,fiber,0,0
66,47.55,one-year,fiber,1,0
9,15.0,one-year,fiber,0,1
68,58.07,one-year,fiber,0,0
44,89.02,two-year,dsl,0,0
45,61.17,month-to-month,fiber,0,0
6,90.03,month-to-month,fiber,1,0
44,73.72,one-year,fiber,1,0
52,102.2,two-year,fiber,1,0
41,62.62,month-to-month,fiber,1,0
6,81.69,one-year,fiber,0,1
37,82.65,month-to-month,fiber,0,0
67,107.54,month-to-month,none,0,0
52,27.33,two-year,fiber,1,0
9,58.54,month-to-month,fiber,0,0
69,91.21,month-to-month,dsl,1,0
69,108.65,one-year,fiber,0,0
12,76.0,month-to-month,dsl,0,1
57,62.68,month-to-month,fiber,0,0
29,88.93,one-year,none,0,1
42,91.72,month-to-month,none,0,0
32,61.01,one-year,dsl,1,0
56,78.26,month-to-month,fiber,1,0
71,99.51,month-to-month,dsl,0,0
57,117.26,one-year,fiber,1,0
67,88.57,month-to-month,dsl,0,0
68,71.1,two-year,fiber,1,0
6,68.65,two-year,dsl,0,0
18,83.93,two-year,fiber,1,0
51,67.11,month-to-month,dsl,0,0
42,74.74,month-to-month,fiber,0,1
3,43.55,two-year,fiber,1,0
6,102.43,month-to-month,dsl,0,1
37,41.5,one-year,dsl,1,0
44,59.2,two-year,fiber,0,1
12,72.44,month-to-month,fiber,0,1
12,119.77,month-to-month,none,0,1
9,59.43,one-year,dsl,1,0
40,53.35,one-year,dsl,0,0
0,56.23,month-to-month,dsl,0,1
41,111.47,one-year,dsl,0,0
34,15.0,one-year,dsl,0,0
33,44.93,month-to-month,fiber,1,0
48,130.0,month-to-month,dsl,1,1
37,84.77,one-year,dsl,0,0
52,42.35,one-year,fiber,0,0
55,68.95,two-year,dsl,0,0
66,71.69,month-to-month,fiber,1,0
57,91.15,two-year,fiber,1,0
37,115.99,one-year,none,0,0
35,79.71,one-year,none,1,1
16,56.51,month-to-month,fiber,0,0
43,89.68,month-to-month,dsl,0,0
10,52.54,month-to-month,fiber,0,0
67,44.17,month-to-month,dsl,0,0
60,26.0,month-to-month,dsl,0,0
8,30.87,two-year,dsl,0,0
56,47.59,month-to-month,fiber,0,1
8,40.56,two-year,fiber,0,0
51,77.83,month-to-month,none,0,0
6,40.01,two-year,fiber,0,0
35,15.0,month-to-month,fiber,1,0
47,43.9,one-year,fiber,0,0
52,58.2,one-year,dsl,0,0
30,54.86,two-year,fiber,0,0
66,107.99,month-to-month,dsl,0,0
55,54.66,month-to-month,fiber,0,0
14,92.02,two-year,dsl,0,0
48,69.53,month-to-month,none,0,0
52,68.94,one-year,fiber,0,0
24,49.12,month-to-month,dsl,1,0
53,68.53,month-to-month,dsl,0,0
64,50.87,one-year,fiber,0,0
58,74.25,one-year,dsl,0,0
54,64.09,one-year,none,1,0
45,46.38,month-to-month,none,1,0
19,94.8,one-year,none,1,0
57,80.67,two-year,dsl,1,0
26,58.8,month-to-month,dsl,0,0
38,73.64,month-to-month,fiber,0,0
22,67.9,month-to-month,none,1,0
22,48.31,one-year,dsl,0,0
11,71.76,month-to-month,fiber,1,0
69,54.47,one-year,none,0,0
10,46.38,month-to-month,dsl,0,0
6,29.43,one-year,none,0,0
67,61.03,two-year,dsl,0,0
39,84.17,month-to-month,none,0,0
31,52.63,month-to-month,dsl,0,0
53,130.0,month-to-month,dsl,0,0
27,92.14,month-to-month,dsl,0,0
9,102.61,month-to-month,fiber,1,1
52,89.88,two-year,fiber,1,0
12,116.32,month-to-month,none,1,1
39,50.32,month-to-month,none,0,0
68,15.0,month-to-month,none,0,0
67,58.85,month-to-month,fiber,0,0
25,83.96,two-year,fiber,0,0
56,73.79,month-to-month,none,0,0
44,76.89,month-to-month,fiber,1,0
34,103.02,month-to-month,dsl,0,1
10,79.55,two-year,fiber,0,0
27,89.97,two-year,none,0,0
46,46.51,month-to-month,dsl,0,0
71,42.62,one-year,fiber,0,0
0,110.35,one-year,dsl,1,1
51,72.52,one-year,fiber,1,0
60,54.42,month-to-month,dsl,1,0
68,54.47,one-year,dsl,1,0
30,53.77,one-year,dsl,0,0
8,52.28,month-to-month,fiber,1,1
19,37.92,month-to-month,fiber,1,0
61,32.49,month-to-month,fiber,0,0
63,65.12,month-to-month,none,1,0
45,55.18,month-to-month,fiber,1,0
8,97.68,two-year,dsl,1,0
8,77.33,two-year,fiber,0,1
34,76.63,month-to-month,none,0,0
42,51.42,month-to-month,dsl,1,0
2,66.97,one-year,fiber,1,1
49,79.03,month-to-month,dsl,0,0
39,87.9,month-to-month,dsl,0,0
0,67.65,two-year,dsl,0,0
6,96.98,month-to-month,none,0,0
32,70.2,month-to-month,dsl,1,1
52,89.82,one-year,none,0,0
59,57.75,one-year,dsl,0,0
31,24.69,month-to-month,fiber,1,1
21,76.71,one-year,dsl,0,0
69,88.13,two-year,dsl,1,0
33,84.38,month-to-month,fiber,0,1
22,80.55,one-year,dsl,0,0
31,61.29,month-to-month,fiber,1,0
0,49.83,month-to-month,fiber,0,1
21,83.79,month-to-month,none,0,1
37,80.66,month-to-month,fiber,0,0
66,55.98,month-to-month,none,1,0
53,97.74,two-year,fiber,0,0
56,47.93,month-to-month,dsl,0,0
39,55.41,two-year,none,0,0
7,110.91,month-to-month,dsl,1,1
28,91.71,two-year,none,0,0
71,61.05,month-to-month,fiber,1,0
3,77.18,month-to-month,fiber,1,1
63,73.87,one-year,dsl,1,0
49,15.0,one-year,dsl,0,0
20,47.34,month-to-month,dsl,0,0
56,68.73,month-to-month,dsl,1,0
60,61.08,one-year,fiber,1,0
3,76.18,one-year,fiber,1,1
7,98.24,month-to-month,none,1,0
47,61.96,one-year,dsl,0,0
71,43.56,month-to-month,dsl,0,0
1,78.12,month-to-month,dsl,1,1
47,61.83,one-year,none,0,1
9,66.1,two-year,none,1,0
46,62.71,month-to-month,fiber,1,0
44,126.05,month-to-month,none,0,0
6,15.0,month-to-month,fiber,0,0
49,60.29,one-year,fiber,1,0
64,69.91,month-to-month,none,1,0
62,50.47,month-to-month,fiber,0,0
2,92.5,month-to-month,fiber,0,1
17,90.33,two-year,dsl,1,0
17,68.81,month-to-month,none,1,0
32,63.23,one-year,fiber,1,0
10,67.2,month-to-month,dsl,0,0
61,67.38,month-to-month,dsl,0,0
55,68.04,month-to-month,fiber,0,0
58,65.3,month-to-month,dsl,1,0
14,76.31,month-to-month,dsl,0,0
1,88.83,month-to-month,dsl,0,1
65,39.24,month-to-month,dsl,0,0
20,43.73,month-to-month,none,0,0
47,26.29,month-to-month,none,0,0
65,91.66,month-to-month,fiber,1,0
2,76.26,month-to-month,dsl,0,0
0,82.63,month-to-month,dsl,1,1
0,34.26,one-year,fiber,0,0
11,114.62,two-year,dsl,1,0
3,54.78,one-year,dsl,0,1
59,74.21,month-to-month,fiber,0,0
43,91.36,two-year,fiber,0,0
70,45.33,two-year,dsl,1,0
57,56.34,month-to-month,fiber,1,0
69,74.48,month-to-month,none,1,0
17,130.0,one-year,fiber,0,1
20,77.53,two-year,dsl,0,0
61,110.16,one-year,dsl,1,0
17,100.14,one-year,fiber,0,1
4,79.2,one-year,dsl,1,0
48,45.27,two-year,fiber,1,0
57,96.49,month-to-month,fiber,1,0
69,32.55,month-to-month,dsl,0,0
66,110.02,two-year,fiber,0,0
8,75.0,month-to-month,none,0,1
55,15.0,month-to-month,dsl,1,0
60,61.49,month-to-month,fiber,1,0
50,86.35,month-to-month,fiber,0,0
59,64.07,month-to-month,none,1,0
60,87.88,one-year,fiber,0,0
32,48.75,month-to-month,dsl,0,1
2,37.35,one-year,fiber,0,0
32,68.21,month-to-month,none,1,0
14,70.79,two-year,fiber,0,0
8,61.29,one-year,dsl,0,0
8,100.68,two-year,dsl,0,0
50,48.74,month-to-month,fiber,0,0
36,77.83,month-to-month,dsl,0,1
38,71.7,one-year,fiber,0,0
53,31.08,two-year,fiber,1,0
39,37.02,month-to-month,fiber,1,1
45,70.3,one-year,dsl,0,0
6,119.53,one-year,none,1,1
61,84.48,month-to-month,fiber,1,0
32,26.86,one-year,none,1,0
11,15.0,month-to-month,none,0,1
58,88.33,month-to-month,fiber,1,0
52,67.59,two-year,fiber,0,0
3,98.53,month-to-month,fiber,0,1
13,47.98,one-year,fiber,1,0
1,78.76,one-year,dsl,0,0
19,91.15,two-year,dsl,1,0
7,58.81,month-to-month,fiber,1,1
51,59.35,month-to-month,dsl,0,0
37,70.63,month-to-month,fiber,0,0
70,83.57,one-year,none,1,0
53,69.64,month-to-month,dsl,0,0
44,94.35,one-year,fiber,1,0
36,58.45,month-to-month,dsl,1,0
3,36.79,month-to-month,fiber,0,1
5,119.42,two-year,none,0,0
44,54.88,two-year,fiber,1,0
0,55.79,month-to-month,none,1,1
3,68.35,one-year,none,0,1
15,71.68,month-to-month,dsl,0,1
63,60.33,one-year,dsl,0,0
33,69.56,month-to-month,dsl,1,0
51,69.01,month-to-month,fiber,0,0
29,74.37,month-to-month,none,0,0
12,15.0,month-to-month,dsl,0,1
26,117.02,one-year,none,1,1
6,66.32,month-to-month,dsl,0,1
55,84.52,month-to-month,fiber,1,0
13,35.55,month-to-month,fiber,0,0
27,58.22,month-to-month,fiber,1,1
70,53.19,one-year,fiber,0,0
42,106.74,month-to-month,dsl,1,0
33,55.35,one-year,fiber,1,0
39,88.95,two-year,none,0,0
56,53.74,month-to-month,fiber,0,0
18,58.68,two-year,dsl,0,0
45,63.86,month-to-month,fiber,0,0
62,102.1,month-to-month,fiber,1,0
41,22.75,month-to-month,dsl,0,0
32,37.11,month-to-month,fiber,1,0
10,21.32,month-to-month,dsl,0,0
17,42.81,month-to-month,dsl,1,1
68,49.71,two-year,fiber,1,0
38,29.64,month-to-month,dsl,1,0
21,51.65,two-year,fiber,0,0
30,19.63,month-to-month,fiber,1,0
41,44.55,one-year,dsl,1,0
38,100.01,month-to-month,fiber,0,0
50,80.09,month-to-month,fiber,1,0
18,74.69,month-to-month,dsl,1,0
46,44.93,two-year,dsl,0,0
31,31.6,two-year,none,0,0
67,41.52,month-to-month,none,0,0
11,68.92,one-year,dsl,0,0
10,91.7,one-year,dsl,1,1
33,92.56,one-year,fiber,1,0
36,85.77,month-to-month,fiber,0,1
49,51.56,one-year,none,0,0
29,70.61,one-year,fiber,0,0
65,61.97,month-to-month,fiber,0,0
34,64.97,month-to-month,dsl,1,0
9,120.93,month-to-month,dsl,1,0
8,25.95,two-year,dsl,0,0
70,64.13,month-to-month,fiber,0,0
9,100.29,month-to-month,none,1,0
68,33.35,month-to-month,fiber,0,0
20,53.91,two-year,none,0,0
6,56.77,one-year,fiber,1,1
21,64.42,month-to-month,none,1,0
44,30.1,month-to-month,none,1,0
30,84.88,one-year,fiber,0,1
56,86.66,month-to-month,none,1,0
43,82.71,month-to-month,fiber,1,0
28,48.24,two-year,fiber,0,0
45,72.16,month-to-month,fiber,0,0
69,47.51,month-to-month,dsl,0,0
29,61.69,month-to-month,fiber,0,1
11,123.84,one-year,dsl,1,0
29,72.39,one-year,none,1,0
60,40.31,month-to-month,none,0,0
15,74.51,one-year,fiber,0,1
68,36.21,two-year,dsl,0,0
42,40.02,two-year,fiber,0,0
43,43.97,month-to-month,fiber,0,1
22,58.89,month-to-month,none,1,0
66,93.42,two-year,none,1,0
2,84.46,month-to-month,fiber,1,1
21,83.07,month-to-month,fiber,0,0
30,42.53,month-to-month,fiber,1,0
34,56.47,two-year,fiber,1,0
34,76.8,month-to-month,fiber,0,0
10,54.29,month-to-month,fiber,0,1
16,63.04,one-year,fiber,0,0
6,81.03,month-to-month,fiber,0,1
41,61.28,month-to-month,none,1,0
25,75.65,month-to-month,dsl,1,0
40,109.82,month-to-month,dsl,1,1
42,65.7,two-year,fiber,0,0
50,99.48,month-to-month,none,0,0
39,83.98,two-year,fiber,0,0
46,33.32,month-to-month,none,0,0
42,42.45,month-to-month,fiber,1,0
46,49.16,month-to-month,none,0,0
44,48.63,month-to-month,fiber,0,0
22,67.74,month-to-month,none,0,0
17,85.37,month-to-month,fiber,1,0
56,101.38,two-year,none,0,0
24,77.7,month-to-month,dsl,0,0
39,58.86,two-year,fiber,1,0
14,17.94,month-to-month,dsl,0,1
31,71.76,month-to-month,fiber,1,1
38,70.64,one-year,dsl,1,0
45,74.57,month-to-month,fiber,0,1
37,122.66,month-to-month,dsl,0,1
25,101.01,month-to-month,none,0,1
69,89.63,month-to-month,dsl,0,0
36,45.95,one-year,dsl,1,0
58,57.18,month-to-month,none,0,0
53,67.63,two-year,dsl,0,0
40,50.61,month-to-month,fiber,1,0
63,82.51,month-to-month,dsl,1,0
9,78.92,month-to-month,fiber,1,1
66,42.79,month-to-month,dsl,1,0
61,99.92,two-year,fiber,0,0
36,72.56,two-year,none,0,0
52,26.77,month-to-month,dsl,0,0
37,68.72,month-to-month,dsl,1,0
19,77.03,two-year,fiber,0,0
57,94.32,month-to-month,fiber,1,0
17,61.56,month-to-month,dsl,1,0
22,90.7,month-to-month,dsl,0,0
37,74.68,month-to-month,none,1,1
60,37.12,month-to-month,dsl,0,0
27,34.62,month-to-month,fiber,1,0
35,98.06,two-year,dsl,0,0
2,99.9,month-to-month,dsl,1,1
8,78.07,two-year,fiber,1,0
4,107.39,one-year,dsl,0,0
5,96.42,month-to-month,fiber,1,1
62,87.09,month-to-month,fiber,0,0
60,47.22,month-to-month,fiber,0,0
59,113.29,two-year,dsl,0,0
4,83.41,month-to-month,dsl,1,0
5,60.35,two-year,fiber,1,0
20,53.29,one-year,dsl,0,0
40,76.42,one-year,dsl,1,0
24,28.22,month-to-month,fiber,1,0
35,87.49,one-year,fiber,0,0
12,46.16,one-year,fiber,1,0
52,79.27,one-year,fiber,0,0
22,56.96,month-to-month,none,1,0
4,63.39,one-year,none,0,0
53,51.08,month-to-month,fiber,1,0
65,65.97,one-year,dsl,0,0
1,117.23,month-to-month,fiber,0,1
31,104.63,month-to-month,fiber,1,0
59,78.86,one-year,fiber,1,0
50,69.37,month-to-month,fiber,1,0
61,91.11,one-year,fiber,1,0
29,98.25,one-year,fiber,1,0
26,49.25,one-year,fiber,0,0
51,68.06,one-year,dsl,0,0
11,24.45,month-to-month,dsl,0,0
17,98.08,month-to-month,fiber,0,1
43,121.63,one-year,dsl,1,0
48,72.0,month-to-month,fiber,0,0
8,16.87,month-to-month,none,0,0
36,85.22,month-to-month,fiber,0,1
26,47.4,month-to-month,dsl,1,1
36,53.42,two-year,fiber,0,0
69,85.66,month-to-month,fiber,0,0
5,76.36,month-to-month,dsl,1,1
71,57.8,two-year,dsl,0,0
32,53.76,two-year,none,1,0
55,73.15,month-to-month,dsl,0,0
30,59.76,two-year,fiber,1,0
22,42.27,month-to-month,dsl,0,0
55,61.69,one-year,fiber,0,0
49,78.49,month-to-month,dsl,0,0
10,65.55,month-to-month,none,1,1
50,34.66,month-to-month,fiber,1,0
54,94.73,one-year,dsl,0,1
27,15.0,month-to-month,fiber,1,0
66,58.84,month-to-month,fiber,0,1
46,54.5,one-year,none,1,0
24,73.7,month-to-month,fiber,1,0
0,84.04,two-year,fiber,0,0
48,98.17,month-to-month,dsl,0,0
15,52.19,month-to-month,fiber,1,1
54,84.66,month-to-month,fiber,1,0
37,74.9,month-to-month,fiber,1,0
33,27.21,month-to-month,dsl,0,0
11,117.51,month-to-month,fiber,1,1
51,34.03,one-year,dsl,0,0
11,80.49,month-to-month,fiber,1,1
30,79.75,month-to-month,none,1,1
60,76.89,one-year,fiber,1,0
66,57.64,month-to-month,fiber,1,0
71,90.68,one-year,none,1,0
68,30.99,two-year,none,0,0
40,68.35,month-to-month,fiber,1,0
14,55.9,one-year,fiber,0,0
60,53.07,two-year,none,0,0
57,80.72,month-to-month,fiber,0,0
71,96.94,two-year,fiber,0,0
46,61.42,month-to-month,dsl,0,0
10,89.52,one-year,none,0,0
36,71.24,month-to-month,dsl,0,0
32,47.68,month-to-month,dsl,0,0
60,63.55,two-year,none,0,0
28,62.51,month-to-month,fiber,1,0
23,52.58,two-year,dsl,0,0
5,80.71,one-year,fiber,1,1
60,75.87,two-year,dsl,1,0
54,30.23,two-year,dsl,1,0
2,28.71,one-year,fiber,0,1
31,80.62,two-year,dsl,0,0
34,49.62,one-year,none,0,0
33,77.55,month-to-month,dsl,0,0
66,89.52,one-year,fiber,1,0
10,38.23,month-to-month,fiber,0,0
22,34.71,month-to-month,dsl,1,0
13,111.86,month-to-month,dsl,0,0
17,78.79,month-to-month,fiber,1,1
65,59.52,month-to-month,fiber,0,0
67,46.65,month-to-month,dsl,1,0
3,57.24,one-year,fiber,1,0
45,40.24,one-year,fiber,0,0
16,92.09,two-year,fiber,0,1
13,50.58,two-year,dsl,1,0
21,97.34,two-year,none,0,0
13,59.98,one-year,dsl,0,0
35,43.92,month-to-month,fiber,1,0
71,59.34,two-year,none,1,0
42,15.0,month-to-month,fiber,0,0
52,66.98,month-to-month,none,0,0
35,65.75,month-to-month,fiber,0,0
1,90.62,one-year,none,1,0
6,22.84,one-year,none,0,0
19,99.05,month-to-month,none,0,1
17,90.51,one-year,fiber,0,0
60,101.3,month-to-month,none,1,0
60,68.68,month-to-month,dsl,0,0
61,95.35,month-to-month,fiber,1,0
45,33.22,month-to-month,dsl,0,0
40,87.83,one-year,dsl,1,0
46,50.72,month-to-month,none,0,0
29,28.71,month-to-month,dsl,1,0
48,41.9,month-to-month,fiber,1,0
57,70.14,one-year,dsl,0,0
54,49.39,two-year,fiber,0,0
44,79.4,one-year,fiber,1,1
4,24.79,one-year,dsl,0,0
52,16.82,two-year,dsl,1,0
26,104.31,month-to-month,dsl,1,1
53,92.6,month-to-month,dsl,0,1
38,43.77,month-to-month,fiber,0,0
63,69.93,month-to-month,dsl,0,0
24,95.49,month-to-month,fiber,0,0
67,80.48,month-to-month,none,0,0
60,73.71,month-to-month,none,1,0
23,97.38,month-to-month,none,0,1
34,51.73,month-to-month,none,1,0
38,70.78,month-to-month,dsl,0,1
55,69.55,two-year,dsl,0,0
49,63.18,one-year,none,0,0
61,60.25,month-to-month,fiber,0,0
26,71.82,month-to-month,none,0,0
36,70.86,month-to-month,fiber,1,1
31,43.79,month-to-month,none,0,1
65,90.04,month-to-month,dsl,0,0
21,45.59,month-to-month,none,1,0
42,64.54,two-year,dsl,1,0
8,62.62,two-year,dsl,0,0
61,78.95,one-year,none,0,0
27,17.02,one-year,fiber,0,0
24,92.27,one-year,fiber,0,0
41,53.08,one-year,fiber,0,0
35,100.5,two-year,dsl,0,0
61,58.05,one-year,dsl,1,0
38,68.78,one-year,dsl,1,0
37,117.84,two-year,fiber,0,1
7,63.07,one-year,fiber,0,0
1,100.97,month-to-month,none,1,1
28,70.98,month-to-month,dsl,0,1
71,80.39,month-to-month,fiber,1,0
66,71.75,month-to-month,fiber,1,0
45,91.2,month-to-month,fiber,1,0
45,52.86,month-to-month,none,1,0
28,45.4,month-to-month,dsl,0,0
12,54.04,two-year,dsl,1,0
0,72.49,month-to-month,dsl,1,0
24,64.48,month-to-month,none,0,0
22,87.76,month-to-month,fiber,0,1
13,102.62,month-to-month,fiber,0,1
18,45.6,one-year,fiber,0,0
1,51.65,one-year,none,0,0
43,34.09,month-to-month,dsl,1,0
66,120.76,month-to-month,dsl,0,0
49,77.62,month-to-month,none,0,1
32,82.0,one-year,fiber,1,1
30,36.49,two-year,fiber,0,0
22,69.97,two-year,dsl,0,0
10,82.73,month-to-month,none,0,1
43,63.68,one-year,fiber,0,0
40,96.89,one-year,dsl,1,0
0,127.8,two-year,none,0,1
29,46.32,month-to-month,dsl,0,0
20,44.45,month-to-month,dsl,1,0
12,48.06,month-to-month,fiber,1,0
50,110.15,month-to-month,fiber,0,0
37,96.06,one-year,fiber,0,0
45,66.61,month-to-month,fiber,1,0
51,70.91,month-to-month,none,0,0
70,49.59,two-year,dsl,0,0
57,92.25,month-to-month,none,0,1
44,60.5,two-year,fiber,0,0
63,63.5,one-year,fiber,0,0
34,85.22,two-year,dsl,1,0
70,65.3,one-year,fiber,1,0
54,64.13,month-to-month,fiber,1,0
46,70.26,month-to-month,fiber,1,0
65,89.88,two-year,fiber,1,0
37,111.16,month-to-month,fiber,1,1
51,84.64,month-to-month,fiber,1,0
20,90.08,one-year,none,1,0
69,65.0,month-to-month,fiber,0,0
44,52.31,month-to-month,dsl,0,0
56,86.35,month-to-month,dsl,0,0
33,74.28,month-to-month,dsl,1,0
62,34.43,one-year,dsl,1,0
5,61.8,month-to-month,fiber,1,1
8,67.93,month-to-month,fiber,1,0
36,57.24,month-to-month,dsl,1,0
52,107.04,one-year,none,0,0
58,82.0,month-to-month,fiber,0,0
31,104.33,month-to-month,dsl,1,0
46,76.59,two-year,none,0,0
39,72.03,month-to-month,dsl,1,0
69,46.59,one-year,dsl,1,0
47,70.3,month-to-month,dsl,0,1
30,70.33,month-to-month,none,1,0
69,35.82,month-to-month,dsl,0,0
7,56.51,two-year,dsl,1,0
70,61.92,month-to-month,dsl,1,0
11,80.34,month-to-month,fiber,0,1
20,81.53,month-to-month,none,1,1
59,55.47,month-to-month,none,0,0
52,81.72,one-year,dsl,0,0
69,65.45,two-year,fiber,0,0
53,15.0,month-to-month,dsl,1,0
45,57.88,month-to-month,fiber,1,0
24,96.97,month-to-month,dsl,0,0
0,27.95,two-year,fiber,1,0
8,72.82,month-to-month,none,1,0
21,109.63,month-to-month,none,1,0
2,50.98,two-year,fiber,0,0
36,70.05,two-year,dsl,0,0
55,37.4,month-to-month,none,0,0
69,110.68,month-to-month,fiber,1,1
35,67.92,one-year,fiber,0,0
63,71.17,two-year,fiber,0,0
70,103.86,month-to-month,none,1,0
61,86.54,month-to-month,dsl,0,0
33,48.11,month-to-month,fiber,1,0
23,53.82,month-to-month,fiber,1,0
70,82.37,month-to-month,dsl,0,0
17,54.4,one-year,fiber,0,1
29,17.07,month-to-month,dsl,0,0
5,68.67,month-to-month,fiber,1,1
57,32.99,two-year,dsl,0,0
46,110.41,month-to-month,dsl,0,0
6,74.42,month-to-month,none,0,1
15,47.37,two-year,fiber,0,0
39,52.53,month-to-month,dsl,1,0
38,22.77,two-year,dsl,0,0
57,42.51,month-to-month,dsl,1,0
19,95.41,month-to-month,fiber,1,1
66,125.79,one-year,fiber,1,0
32,88.16,month-to-month,dsl,1,0
59,67.7,month-to-month,dsl,0,0
17,59.2,month-to-month,none,0,0
2,46.09,one-year,none,0,0
3,121.49,month-to-month,dsl,0,1
26,65.28,one-year,none,1,0
68,122.89,one-year,dsl,0,0
3,104.84,month-to-month,fiber,0,1
26,26.48,month-to-month,fiber,1,0
7,53.35,month-to-month,none,1,0
67,53.27,one-year,fiber,1,0
48,68.0,month-to-month,none,0,0
54,68.49,one-year,fiber,0,0
51,130.0,month-to-month,fiber,0,1
47,43.07,month-to-month,dsl,1,0
55,75.72,one-year,none,1,0
0,85.41,month-to-month,none,1,1
62,69.96,month-to-month,fiber,0,0
53,72.75,one-year,fiber,1,0
53,43.88,one-year,dsl,0,0
28,72.66,month-to-month,none,0,0
57,82.78,month-to-month,fiber,1,0
27,78.19,month-to-month,dsl,0,0
3,84.26,one-year,fiber,0,1
65,105.32,month-to-month,dsl,0,0
16,93.42,one-year,fiber,0,1
7,71.78,one-year,none,0,0
44,40.71,two-year,fiber,1,0
16,55.0,month-to-month,dsl,0,0
61,64.51,month-to-month,dsl,1,0
31,76.31,month-to-month,fiber,1,0
0,58.04,month-to-month,fiber,1,0
68,46.61,month-to-month,dsl,1,0
37,40.3,two-year,dsl,1,0
18,28.72,month-to-month,dsl,0,1
48,64.13,month-to-month,dsl,1,0
38,33.26,month-to-month,fiber,0,0
2,44.99,two-year,none,0,0
54,60.15,month-to-month,fiber,0,0
28,36.6,one-year,dsl,0,0
50,79.49,two-year,none,1,0
64,88.51,month-to-month,none,1,0
43,56.26,one-year,fiber,1,0
48,59.07,month-to-month,fiber,0,0
18,83.44,month-to-month,dsl,0,0
17,52.15,month-to-month,fiber,0,0
29,50.43,month-to-month,dsl,0,0
61,99.91,one-year,dsl,0,0
37,92.1,two-year,fiber,1,0
25,85.04,month-to-month,fiber,1,0
56,93.14,one-year,dsl,1,0
61,20.57,month-to-month,dsl,0,0
64,103.85,month-to-month,fiber,0,0
21,79.8,one-year,fiber,1,0
51,95.27,month-to-month,fiber,0,0
42,79.68,one-year,dsl,0,0
32,71.22,month-to-month,dsl,1,1
28,63.12,two-year,none,0,0
8,79.18,month-to-month,none,0,1
19,62.21,month-to-month,dsl,0,1
39,91.7,one-year,none,0,0
63,30.34,month-to-month,fiber,1,0
62,56.46,month-to-month,dsl,0,0
13,121.12,two-year,dsl,1,0
48,54.35,month-to-month,dsl,0,0
6,64.03,month-to-month,dsl,0,1
48,47.94,month-to-month,fiber,0,0
24,78.4,one-year,none,1,0
32,51.59,one-year,none,0,0
51,65.36,two-year,none,1,0
30,91.22,month-to-month,dsl,1,0
58,52.53,month-to-month,none,0,0
38,89.72,month-to-month,dsl,0,0
71,90.56,month-to-month,dsl,1,0
45,96.37,one-year,fiber,1,0
21,73.51,month-to-month,none,0,0
55,130.0,one-year,dsl,1,0
29,96.36,one-year,dsl,1,0
38,78.12,one-year,none,1,0
9,48.1,month-to-month,fiber,0,0
8,67.57,month-to-month,dsl,0,1
41,105.66,two-year,fiber,0,0
13,112.74,one-year,dsl,1,0
71,106.96,month-to-month,fiber,0,0
61,89.63,one-year,fiber,1,0
50,38.61,two-year,fiber,0,0
52,82.18,month-to-month,fiber,0,0
42,38.96,two-year,fiber,0,0
4,32.81,month-to-month,dsl,1,1
28,75.98,two-year,fiber,0,0
35,83.08,month-to-month,fiber,1,1
65,92.58,month-to-month,fiber,1,0
15,82.43,month-to-month,fiber,1,0
35,83.29,two-year,fiber,1,0
24,45.38,two-year,none,1,0
9,67.38,month-to-month,dsl,1,1
7,32.32,month-to-month,fiber,0,0
26,19.92,month-to-month,dsl,0,0
5,88.52,month-to-month,fiber,1,1
4,51.17,one-year,dsl,0,0
25,91.81,month-to-month,none,0,0
14,97.71,two-year,fiber,1,0
39,54.52,two-year,fiber,1,0
1,84.76,month-to-month,dsl,0,1
21,53.47,month-to-month,fiber,1,1
32,23.85,two-year,fiber,0,0
69,73.08,two-year,dsl,0,0
45,58.23,one-year,dsl,1,0
63,59.0,month-to-month,fiber,0,0
24,119.38,month-to-month,none,0,1
32,31.85,one-year,fiber,1,0
30,79.57,month-to-month,fiber,0,1
63,45.13,one-year,dsl,0,0
69,92.71,one-year,dsl,1,0
69,77.46,month-to-month,dsl,0,1
54,79.48,month-to-month,dsl,1,0
36,46.38,month-to-month,dsl,1,0
38,50.86,two-year,none,0,0
70,93.18,month-to-month,dsl,0,0
20,114.27,month-to-month,fiber,0,1
24,82.01,two-year,dsl,0,0
64,47.56,one-year,fiber,0,0
27,78.47,month-to-month,dsl,1,0
16,130.0,two-year,fiber,1,0
40,72.56,month-to-month,dsl,1,0
23,106.55,two-year,dsl,1,0
64,51.49,two-year,dsl,0,0
65,68.95,month-to-month,fiber,0,0
22,85.49,month-to-month,fiber,0,1
38,79.93,month-to-month,none,1,0
70,50.84,one-year,none,1,0
53,49.76,one-year,dsl,1,0
15,94.71,month-to-month,fiber,1,1
42,99.79,two-year,fiber,0,0
44,107.8,month-to-month,dsl,0,0
47,115.1,one-year,fiber,0,0
1,73.37,one-year,none,0,1
21,62.22,month-to-month,dsl,0,1
61,103.77,month-to-month,fiber,1,0
17,87.83,one-year,fiber,0,0
21,45.44,one-year,fiber,1,0
23,44.16,month-to-month,dsl,1,1
12,82.3,one-year,dsl,0,0
11,65.57,month-to-month,fiber,1,1
24,69.34,month-to-month,dsl,1,0
62,96.81,two-year,fiber,1,0
0,88.98,month-to-month,dsl,0,0
20,103.25,one-year,none,1,0
4,21.71,one-year,fiber,0,1
40,76.33,month-to-month,fiber,0,0
18,87.37,month-to-month,none,0,0
57,31.84,month-to-month,fiber,0,0
42,53.63,month-to-month,fiber,0,0
56,48.99,one-year,none,1,0
45,70.54,month-to-month,dsl,0,0
31,110.7,two-year,none,0,0
61,120.56,month-to-month,dsl,1,0
34,49.64,month-to-month,dsl,0,0
68,83.16,two-year,fiber,0,0
71,83.97,month-to-month,fiber,0,0
42,79.69,one-year,dsl,0,1
48,79.97,one-year,fiber,0,0
18,77.59,two-year,dsl,1,0
58,112.19,month-to-month,fiber,1,0
48,97.56,month-to-month,fiber,0,0
64,43.5,two-year,dsl,0,0
19,89.89,month-to-month,dsl,1,0
56,92.31,one-year,fiber,0,0
33,77.87,one-year,dsl,0,0
13,98.29,one-year,fiber,0,0
12,74.7,one-year,fiber,1,0
40,75.01,two-year,none,1,0
23,73.03,month-to-month,none,0,1
7,19.54,one-year,fiber,0,0
30,67.99,one-year,fiber,1,0
47,53.29,month-to-month,none,0,0
22,40.34,two-year,dsl,0,0
68,105.85,month-to-month,fiber,1,1
56,82.61,month-to-month,fiber,0,0
36,69.25,two-year,fiber,0,0
67,55.88,two-year,dsl,1,0
31,77.4,month-to-month,dsl,1,0
10,94.79,one-year,fiber,0,0
2,49.33,month-to-month,fiber,0,1
67,69.88,month-to-month,fiber,0,0
69,91.7,month-to-month,dsl,0,0
53,21.6,two-year,none,0,0
7,68.56,month-to-month,dsl,0,1
21,59.27,month-to-month,dsl,0,1
2,66.65,one-year,fiber,0,0
3,57.46,month-to-month,dsl,0,1
17,73.44,month-to-month,fiber,0,0
41,118.09,month-to-month,fiber,1,1
4,61.9,one-year,dsl,1,0
70,77.29,one-year,none,1,0
32,119.87,one-year,fiber,1,0
18,56.25,month-to-month,dsl,0,0
37,115.37,month-to-month,none,1,1
56,70.13,one-year,dsl,0,0
22,114.55,month-to-month,dsl,1,1
3,88.76,month-to-month,fiber,1,0
3,77.68,month-to-month,none,0,1
61,68.36,month-to-month,fiber,1,1
8,54.4,month-to-month,fiber,1,1
45,71.89,two-year,fiber,1,0
27,92.43,month-to-month,dsl,0,0
55,69.67,one-year,dsl,0,0
4,62.08,month-to-month,none,1,1
64,63.73,one-year,dsl,0,0
50,94.81,one-year,none,0,0
32,100.63,two-year,dsl,0,0
14,53.32,month-to-month,dsl,0,0
70,53.29,one-year,fiber,1,0
21,79.48,month-to-month,fiber,1,0
35,108.19,one-year,dsl,1,0
28,98.65,two-year,dsl,1,0
16,38.7,one-year,fiber,1,0
29,63.4,one-year,dsl,1,0
10,46.73,two-year,fiber,0,0
0,63.31,two-year,fiber,1,0
20,110.11,month-to-month,fiber,1,1
8,34.43,month-to-month,fiber,1,0
29,29.53,one-year,fiber,1,0
62,49.29,two-year,none,0,0
11,77.18,month-to-month,none,0,1
0,85.52,month-to-month,fiber,1,0
7,80.94,month-to-month,fiber,1,1
36,99.39,month-to-month,dsl,0,0
19,25.92,month-to-month,fiber,0,0
35,99.71,month-to-month,none,0,0
2,62.2,month-to-month,dsl,0,1
23,88.29,one-year,none,0,0
29,36.91,month-to-month,fiber,0,0
31,70.12,month-to-month,none,0,0
39,75.91,month-to-month,dsl,0,0
56,98.89,month-to-month,dsl,1,0
33,30.37,month-to-month,none,0,0
60,70.77,month-to-month,dsl,1,0
38,42.87,month-to-month,fiber,0,0
18,82.64,one-year,dsl,0,0
16,89.43,month-to-month,none,0,1
23,102.18,month-to-month,none,0,0
43,56.62,month-to-month,dsl,0,1
17,93.18,month-to-month,dsl,0,1
65,104.02,month-to-month,fiber,0,0
34,28.92,month-to-month,fiber,1,0
62,85.31,month-to-month,dsl,0,0
49,93.96,month-to-month,fiber,0,1
24,63.53,two-year,fiber,1,0
16,39.73,month-to-month,dsl,0,0
53,93.57,month-to-month,dsl,0,0
23,40.01,month-to-month,dsl,0,1
17,65.54,month-to-month,fiber,1,0
66,69.0,one-year,fiber,0,0
34,87.89,month-to-month,dsl,1,0
3,54.33,month-to-month,none,0,0
35,52.89,two-year,fiber,0,0
33,72.47,month-to-month,none,1,0
62,95.16,month-to-month,dsl,1,0
51,127.19,one-year,none,1,0
13,32.31,two-year,dsl,1,0
10,77.88,month-to-month,fiber,0,0
43,42.84,one-year,dsl,1,0
3,95.47,month-to-month,dsl,0,0
22,46.54,one-year,fiber,0,0
9,53.13,month-to-month,fiber,0,1
1,55.27,one-year,dsl,0,0
66,68.1,month-to-month,dsl,1,0
6,78.08,month-to-month,none,1,0
0,82.09,month-to-month,fiber,1,1
67,69.86,one-year,fiber,0,0
13,36.75,one-year,none,0,1
58,88.19,two-year,fiber,0,0
2,68.68,two-year,fiber,0,0
11,99.04,month-to-month,none,0,0
7,52.31,one-year,none,0,0
50,29.94,month-to-month,dsl,1,0
44,69.15,two-year,fiber,0,0
34,102.4,one-year,dsl,1,0
17,74.02,month-to-month,none,0,0
6,65.01,month-to-month,none,0,0
40,48.24,one-year,fiber,1,0
16,113.94,two-year,none,0,0
42,44.26,two-year,dsl,0,0
49,51.87,month-to-month,fiber,1,0
61,84.25,month-to-month,fiber,0,0
35,23.6,two-year,fiber,0,0
0,101.86,one-year,none,0,1
20,85.6,month-to-month,fiber,1,0
61,92.48,one-year,dsl,1,0
38,83.95,one-year,fiber,1,0
44,65.97,one-year,dsl,1,0
32,43.42,one-year,dsl,0,0
11,66.5,two-year,none,0,0
64,45.62,two-year,dsl,1,0
55,82.15,month-to-month,dsl,0,0
71,90.17,month-to-month,dsl,1,0
61,106.92,one-year,dsl,1,0
20,79.29,one-year,none,1,0
18,93.11,month-to-month,dsl,0,1
17,62.57,two-year,none,0,0
66,58.04,month-to-month,fiber,1,0
40,81.84,month-to-month,dsl,0,0
32,60.34,two-year,none,0,0
69,76.73,two-year,none,0,0
43,43.47,month-to-month,dsl,0,0
65,47.96,month-to-month,dsl,1,0
70,85.89,month-to-month,none,1,0
5,92.17,month-to-month,fiber,0,1
26,45.36,month-to-month,none,0,0
52,86.77,month-to-month,fiber,0,0
58,56.68,month-to-month,fiber,0,1
10,70.41,one-year,dsl,1,0
22,105.42,one-year,fiber,1,0
39,90.19,one-year,fiber,0,0
57,89.9,month-to-month,fiber,1,0
8,117.72,month-to-month,none,0,1
43,52.4,month-to-month,dsl,0,1
21,45.35,two-year,none,1,0
15,51.95,month-to-month,fiber,0,0
37,63.64,one-year,fiber,0,0
29,15.0,month-to-month,fiber,1,0
45,64.81,two-year,fiber,0,0
22,56.39,month-to-month,fiber,0,1
59,89.59,month-to-month,fiber,1,0
5,78.81,two-year,dsl,0,0
62,54.98,month-to-month,dsl,0,0
2,84.75,one-year,fiber,0,1
52,88.08,month-to-month,dsl,1,0
24,50.79,two-year,fiber,0,0
27,57.67,one-year,dsl,1,0
1,15.0,month-to-month,dsl,0,0
50,42.73,two-year,none,1,0
11,51.44,one-year,none,1,0
47,71.85,one-year,fiber,1,0
52,46.37,month-to-month,dsl,1,0
60,57.16,month-to-month,none,0,0
50,39.37,one-year,none,0,0
21,74.28,month-to-month,dsl,0,0
53,80.64,two-year,dsl,0,0
59,80.06,month-to-month,dsl,0,0
22,70.31,one-year,none,1,0
8,31.47,month-to-month,fiber,0,1
64,54.5,one-year,fiber,1,0
10,59.82,month-to-month,none,1,0
42,59.92,month-to-month,dsl,0,0
17,71.87,month-to-month,fiber,0,1
9,105.64,one-year,fiber,0,1
55,90.3,month-to-month,dsl,0,0
10,45.31,one-year,dsl,0,0
48,86.96,month-to-month,dsl,0,0
49,86.01,one-year,fiber,1,0
4,49.85,one-year,fiber,0,1
12,91.22,month-to-month,dsl,0,1
57,65.99,month-to-month,fiber,0,1
36,34.75,month-to-month,dsl,0,0
8,81.38,one-year,dsl,0,0
71,75.42,two-year,fiber,1,0
19,64.31,month-to-month,dsl,1,0
0,69.06,one-year,fiber,0,0
66,52.02,one-year,dsl,1,0
1,85.25,one-year,dsl,1,0
39,68.91,month-to-month,dsl,0,0
71,74.16,two-year,none,1,0
41,78.93,month-to-month,fiber,1,1
42,41.14,two-year,none,0,0
27,47.64,month-to-month,fiber,0,0
9,15.0,two-year,none,1,0
41,84.12,two-year,fiber,0,0
64,39.69,two-year,dsl,0,0
6,73.31,month-to-month,fiber,1,1
63,79.27,two-year,fiber,1,0
29,85.06,month-to-month,fiber,1,0
38,39.9,one-year,fiber,0,0
11,68.37,month-to-month,fiber,0,1
44,111.76,one-year,fiber,1,0
13,112.86,month-to-month,dsl,1,0
19,94.68,month-to-month,dsl,1,0
51,78.44,month-to-month,fiber,0,1
3,44.87,month-to-month,none,1,1
32,87.97,month-to-month,dsl,0,0
42,66.05,two-year,fiber,0,0
9,84.01,one-year,fiber,1,1
21,54.18,one-year,dsl,0,0
24,65.68,two-year,dsl,1,0
47,74.1,month-to-month,none,0,0
70,76.16,month-to-month,dsl,1,0
60,82.34,month-to-month,none,0,0
13,55.52,month-to-month,dsl,0,1
1,36.42,one-year,none,1,0
3,110.62,one-year,dsl,1,0
42,130.0,one-year,dsl,1,0
11,81.19,one-year,dsl,0,0
16,36.9,month-to-month,dsl,1,0
61,50.67,one-year,fiber,0,0
62,82.73,month-to-month,fiber,0,0
60,103.53,two-year,fiber,0,0
18,39.68,month-to-month,fiber,0,1
44,66.89,month-to-month,none,0,0
43,74.9,month-to-month,dsl,0,0
13,91.61,month-to-month,fiber,0,0
39,61.41,month-to-month,fiber,1,0
37,30.9,month-to-month,fiber,0,0
28,85.53,one-year,none,1,0
54,98.12,two-year,none,1,0
48,67.94,month-to-month,fiber,0,0
38,80.13,month-to-month,fiber,1,0
52,58.14,two-year,none,0,0
54,48.86,month-to-month,dsl,0,0
40,95.66,two-year,none,1,0
19,79.69,month-to-month,fiber,1,0
54,82.26,month-to-month,fiber,0,1
51,107.55,month-to-month,dsl,1,0
70,43.63,month-to-month,fiber,1,1
10,56.2,one-year,none,0,0
30,73.95,two-year,dsl,0,0
66,55.89,month-to-month,fiber,1,0
37,89.58,two-year,dsl,1,0
67,65.32,month-to-month,dsl,1,0
0,45.19,month-to-month,none,1,1
2,71.64,two-year,fiber,0,1
57,74.26,two-year,dsl,0,0
25,93.37,month-to-month,fiber,1,0
37,79.83,month-to-month,none,1,0
30,81.53,month-to-month,dsl,0,0
29,78.01,month-to-month,fiber,1,1
67,65.29,one-year,dsl,0,0
6,52.09,month-to-month,dsl,0,0
55,77.22,one-year,dsl,1,0
64,61.67,month-to-month,fiber,0,0
47,112.25,month-to-month,dsl,0,1
28,103.55,month-to-month,none,0,1
11,85.82,month-to-month,fiber,0,1
49,79.46,one-year,fiber,1,0
33,67.8,two-year,none,0,0
10,38.47,two-year,dsl,0,0
25,64.6,one-year,dsl,1,0
69,72.54,month-to-month,none,1,0
19,75.74,two-year,fiber,1,0
12,81.74,two-year,none,1,0
49,93.03,two-year,dsl,1,0
14,52.7,month-to-month,fiber,1,0
66,52.92,month-to-month,none,0,0
61,106.27,one-year,dsl,0,0
70,89.27,month-to-month,fiber,0,1
65,60.23,month-to-month,none,1,0
17,67.32,month-to-month,none,1,0
15,67.43,one-year,none,1,0
24,70.79,month-to-month,fiber,1,0
33,81.82,one-year,fiber,1,0
63,130.0,one-year,dsl,0,0
52,74.74,month-to-month,none,0,0
46,86.56,month-to-month,fiber,0,1
63,27.84,two-year,dsl,0,0
46,57.88,month-to-month,fiber,1,0
27,100.72,month-to-month,dsl,0,1
29,80.06,month-to-month,dsl,0,0
37,15.0,month-to-month,fiber,1,1
6,86.85,one-year,dsl,0,0
53,117.95,month-to-month,dsl,0,0
46,20.1,two-year,dsl,0,0
52,107.98,month-to-month,none,0,0
38,15.0,two-year,fiber,1,0
56,93.45,one-year,fiber,0,0
68,69.78,month-to-month,dsl,0,0
41,15.0,one-year,dsl,0,0
31,81.15,month-to-month,fiber,0,0
7,98.77,two-year,none,0,0
56,79.1,one-year,fiber,0,1
65,84.62,month-to-month,fiber,1,0
50,59.71,month-to-month,none,0,0
62,23.47,two-year,none,1,0
62,87.3,one-year,dsl,1,0
57,113.74,month-to-month,fiber,0,0
36,98.24,month-to-month,fiber,0,1
7,20.3,month-to-month,fiber,1,0
0,32.13,one-year,dsl,0,0
14,48.85,one-year,dsl,1,0
31,30.18,two-year,fiber,0,0
53,71.1,one-year,dsl,0,0
32,79.84,one-year,dsl,1,0
1,34.24,month-to-month,fiber,1,1
15,89.43,one-year,fiber,0,0
70,85.03,month-to-month,none,1,0
71,56.3,two-year,fiber,0,0
27,65.69,month-to-month,fiber,0,1
57,21.25,one-year,fiber,1,0
51,61.69,two-year,dsl,0,0
67,70.18,one-year,dsl,0,0
63,74.22,month-to-month,dsl,0,1
45,79.47,one-year,fiber,1,0
28,76.11,month-to-month,dsl,0,0
45,63.39,month-to-month,fiber,1,0
22,77.15,one-year,none,1,0
25,95.05,two-year,none,1,0
43,67.61,month-to-month,dsl,0,0
41,77.94,two-year,fiber,0,0
41,65.35,month-to-month,dsl,1,0
27,53.83,two-year,fiber,0,0
29,83.07,one-year,fiber,0,0
0,56.12,two-year,none,0,0
43,79.65,two-year,fiber,1,0
41,70.71,two-year,fiber,1,0
67,62.4,one-year,dsl,0,0
36,61.8,month-to-month,dsl,0,1
33,57.3,month-to-month,dsl,1,0
4,28.85,one-year,fiber,0,0
14,79.57,month-to-month,dsl,1,1
24,75.79,two-year,fiber,0,0
27,91.24,month-to-month,none,0,1
26,56.71,two-year,fiber,0,0
28,117.38,month-to-month,fiber,0,0
55,60.51,two-year,dsl,0,0
9,48.12,two-year,fiber,1,0
23,45.16,month-to-month,dsl,0,0
11,26.65,one-year,fiber,1,0
22,108.32,month-to-month,fiber,0,1
49,104.28,two-year,fiber,0,0
3,85.02,two-year,fiber,0,0
24,47.6,month-to-month,fiber,0,0
1,115.28,month-to-month,fiber,0,1
68,61.21,month-to-month,fiber,1,0
52,63.27,month-to-month,none,0,0
17,105.93,two-year,dsl,0,0
14,86.47,month-to-month,fiber,0,0
7,125.03,two-year,fiber,1,0
34,76.22,two-year,fiber,0,0
54,60.07,two-year,fiber,0,0
42,54.7,one-year,dsl,0,0
63,23.83,month-to-month,fiber,0,0
24,63.04,two-year,none,0,0
20,98.61,one-year,dsl,1,0
34,84.97,two-year,fiber,1,0
14,70.51,month-to-month,fiber,0,0
70,45.13,month-to-month,fiber,0,0
13,75.67,two-year,fiber,0,0
34,95.32,two-year,dsl,1,0
37,80.77,month-to-month,fiber,1,1
4,74.17,one-year,fiber,0,1
33,50.08,month-to-month,fiber,1,0
32,91.68,one-year,dsl,0,1
18,15.0,month-to-month,fiber,0,0
9,79.57,month-to-month,none,1,0
3,130.0,month-to-month,fiber,1,1
0,32.29,month-to-month,fiber,0,1
34,63.97,month-to-month,dsl,1,0
6,69.8,month-to-month,dsl,1,1
69,58.44,month-to-month,fiber,0,0
17,95.91,one-year,dsl,0,1
46,81.81,one-year,fiber,0,0
48,73.81,one-year,fiber,1,0
35,89.93,month-to-month,fiber,0,1
63,70.42,month-to-month,dsl,0,0
7,130.0,two-year,dsl,0,0
16,73.78,two-year,dsl,0,1
18,74.88,two-year,none,1,0
9,27.24,two-year,dsl,0,0
21,56.41,one-year,none,1,0
22,98.68,two-year,fiber,1,0
55,36.61,month-to-month,dsl,0,0
21,16.06,one-year,dsl,1,0
63,70.81,two-year,fiber,0,0
55,104.27,one-year,fiber,0,0
64,71.06,month-to-month,dsl,1,0
7,61.6,month-to-month,fiber,0,1
70,23.54,month-to-month,fiber,0,0
44,81.31,month-to-month,dsl,0,0
70,86.53,two-year,dsl,0,0
25,25.46,one-year,fiber,1,0
68,98.36,month-to-month,fiber,0,1
42,89.14,one-year,none,0,0
5,98.31,month-to-month,none,1,1
29,84.59,one-year,dsl,0,0
9,86.34,month-to-month,fiber,1,1
67,83.02,month-to-month,fiber,1,0
21,91.71,one-year,fiber,1,0
16,24.53,one-year,dsl,0,0
39,32.47,one-year,dsl,1,0
30,51.6,month-to-month,dsl,1,0
6,66.75,one-year,fiber,1,0
58,79.7,month-to-month,none,1,0
60,78.12,month-to-month,fiber,0,0
53,97.93,one-year,fiber,0,0
44,98.71,one-year,dsl,1,0
28,48.19,two-year,dsl,0,0
39,75.96,month-to-month,none,0,0
37,48.8,two-year,dsl,0,0
11,65.29,month-to-month,none,1,0
5,78.04,one-year,fiber,1,0
18,15.0,two-year,fiber,1,0
32,130.0,one-year,fiber,0,0
11,84.16,two-year,fiber,0,0
7,55.11,two-year,none,0,0
61,118.18,month-to-month,fiber,1,0
26,61.31,two-year,fiber,0,0
42,73.31,two-year,fiber,1,0
37,57.82,month-to-month,dsl,0,1
52,111.3,month-to-month,none,1,1
53,67.38,month-to-month,none,0,0
21,73.74,two-year,fiber,1,0
61,100.09,two-year,dsl,1,0
26,84.63,two-year,fiber,1,0
60,68.64,month-to-month,none,1,0
29,97.76,month-to-month,fiber,0,1
7,130.0,month-to-month,none,1,0
54,77.94,month-to-month,none,1,0
2,72.92,month-to-month,dsl,0,1
55,74.27,month-to-month,dsl,0,0
3,102.76,month-to-month,fiber,0,1
14,55.02,month-to-month,fiber,1,0
43,63.04,one-year,fiber,1,0
67,31.56,month-to-month,fiber,0,0
29,40.4,month-to-month,dsl,1,0
8,57.05,one-year,dsl,0,0
16,68.6,two-year,none,0,0
64,114.23,one-year,none,1,0
52,83.4,one-year,fiber,0,0
7,47.2,one-year,fiber,0,0
27,51.8,one-year,fiber,0,0
19,104.37,one-year,fiber,0,0
12,98.17,month-to-month,dsl,0,0
60,70.7,one-year,dsl,0,0
44,58.94,month-to-month,dsl,0,0
12,98.12,month-to-month,dsl,1,0
46,45.17,month-to-month,none,0,0
29,79.8,month-to-month,dsl,1,0
4,126.82,month-to-month,none,1,1
32,75.13,one-year,none,0,0
13,50.61,month-to-month,dsl,0,1
17,80.26,month-to-month,fiber,0,1
63,58.25,month-to-month,none,1,0
51,35.15,month-to-month,fiber,1,0
9,87.53,one-year,fiber,0,1
61,97.95,month-to-month,dsl,0,0
41,62.23,month-to-month,fiber,0,1
62,60.57,month-to-month,fiber,1,0
53,45.96,month-to-month,fiber,0,0
24,66.25,month-to-month,none,0,0
38,55.94,month-to-month,dsl,1,0
38,44.72,one-year,none,1,0
51,117.3,two-year,none,0,0
17,81.66,one-year,fiber,0,0
23,84.31,month-to-month,dsl,0,1
17,92.08,month-to-month,dsl,1,0
21,89.28,one-year,fiber,0,1
11,59.67,month-to-month,none,0,0
2,76.81,two-year,none,0,0
67,63.27,month-to-month,fiber,1,0
5,80.96,month-to-month,none,1,0
63,78.54,month-to-month,fiber,1,0
0,60.43,two-year,none,1,0
55,36.77,two-year,dsl,1,0
23,73.66,two-year,fiber,1,0
37,64.89,month-to-month,none,0,0
20,22.74,one-year,dsl,0,0
35,82.69,month-to-month,fiber,1,0
32,94.13,month-to-month,dsl,1,1
38,130.0,one-year,dsl,1,0
28,60.22,two-year,dsl,0,0
38,56.53,month-to-month,dsl,1,0
59,42.26,month-to-month,fiber,0,0
31,75.22,month-to-month,fiber,0,0
26,75.06,month-to-month,dsl,0,0
9,49.72,month-to-month,fiber,0,1
25,65.63,two-year,dsl,0,0
9,20.53,month-to-month,none,0,1
13,93.16,one-year,none,0,0
68,50.73,month-to-month,dsl,1,0
6,69.13,month-to-month,dsl,1,0
34,34.33,month-to-month,none,1,0
60,55.44,month-to-month,none,1,0
68,63.01,month-to-month,fiber,1,0
10,69.72,one-year,dsl,1,0
11,81.99,two-year,fiber,0,0
26,105.98,month-to-month,fiber,0,1
39,88.32,one-year,fiber,1,0
69,94.05,two-year,dsl,0,0
14,106.15,month-to-month,dsl,1,1
11,84.24,two-year,none,0,0
18,69.08,two-year,fiber,0,0
62,95.23,two-year,fiber,0,0
2,96.83,one-year,fiber,1,0
27,86.21,one-year,fiber,0,0
8,33.63,month-to-month,fiber,0,0
11,48.96,one-year,none,1,0
66,63.13,two-year,fiber,0,0
0,89.49,month-to-month,dsl,0,1
23,69.47,one-year,fiber,1,0
65,98.42,month-to-month,dsl,0,0
43,102.88,month-to-month,none,1,0
5,99.98,one-year,none,0,1
33,100.14,one-year,fiber,1,0
69,44.08,one-year,none,1,0
28,82.07,two-year,fiber,1,0
38,54.81,month-to-month,none,1,0
38,28.77,two-year,fiber,1,0
47,62.81,one-year,dsl,0,0
13,103.12,two-year,dsl,0,0
60,81.52,month-to-month,none,0,0
71,120.45,month-to-month,none,0,0
10,74.43,two-year,fiber,0,0
58,130.0,month-to-month,none,1,0
58,74.44,month-to-month,fiber,0,0
53,70.56,one-year,fiber,0,0
26,38.02,one-year,fiber,0,0
33,97.76,two-year,fiber,0,0
60,57.45,one-year,fiber,0,0
11,53.82,two-year,dsl,1,0
59,102.03,month-to-month,fiber,0,1
66,98.96,one-year,dsl,1,0
49,98.3,two-year,fiber,0,0
24,60.95,one-year,dsl,0,0
40,68.73,month-to-month,fiber,0,0
3,68.5,month-to-month,fiber,0,1
67,89.56,one-year,dsl,0,0
24,108.84,one-year,none,0,0
4,79.2,month-to-month,none,1,0
57,119.37,one-year,fiber,1,0
47,92.43,two-year,none,0,0
44,64.13,month-to-month,dsl,1,0
3,90.72,one-year,none,1,1
54,112.65,one-year,fiber,0,1
45,119.96,month-to-month,fiber,0,1
57,99.67,month-to-month,fiber,0,1
59,70.64,month-to-month,none,1,0
15,64.58,two-year,fiber,0,0
15,84.4,month-to-month,fiber,0,1
66,111.85,month-to-month,dsl,0,0
38,80.84,month-to-month,none,0,0
31,81.36,two-year,dsl,0,0
20,71.28,one-year,dsl,0,0
46,61.8,month-to-month,fiber,1,0
54,65.95,two-year,none,0,0
0,73.39,month-to-month,fiber,0,1
39,112.95,month-to-month,fiber,0,1
71,64.01,month-to-month,dsl,0,0
20,71.32,one-year,fiber,1,0
20,48.37,two-year,dsl,1,0
63,87.92,month-to-month,dsl,1,0
4,104.17,one-year,fiber,0,1
28,110.61,one-year,fiber,1,0
32,75.08,two-year,fiber,1,0
57,84.36,two-year,fiber,0,0
9,66.16,one-year,none,1,0
31,83.2,month-to-month,dsl,1,1
10,77.85,month-to-month,fiber,1,0
56,71.46,two-year,fiber,0,0
45,73.44,one-year,none,0,0
35,81.3,month-to-month,none,1,0
28,62.65,two-year,none,0,0
11,63.94,two-year,fiber,1,0
66,112.68,one-year,dsl,0,0
46,130.0,two-year,fiber,0,0
22,39.89,month-to-month,dsl,1,1
29,38.51,one-year,fiber,0,0
52,46.07,two-year,dsl,0,0
51,67.42,month-to-month,fiber,1,0
33,92.39,month-to-month,dsl,1,0
21,84.78,one-year,fiber,0,1
47,74.3,month-to-month,none,0,0
47,83.22,month-to-month,fiber,1,0
43,52.7,month-to-month,dsl,0,0
5,63.9,month-to-month,fiber,1,1
34,69.5,month-to-month,dsl,1,0
44,30.39,two-year,dsl,0,0
68,40.97,one-year,fiber,0,0
37,41.96,one-year,fiber,0,0
24,89.1,month-to-month,fiber,0,0
40,76.13,month-to-month,fiber,1,0
12,85.28,month-to-month,dsl,1,1
6,24.01,two-year,fiber,1,0
48,32.91,two-year,fiber,0,0
71,86.58,month-to-month,fiber,1,0
60,15.0,two-year,fiber,1,0
42,100.62,month-to-month,fiber,0,0
2,24.42,month-to-month,dsl,1,0
71,91.08,one-year,fiber,0,0
32,47.79,month-to-month,none,0,0
20,96.22,two-year,dsl,1,1
64,130.0,month-to-month,fiber,0,0
53,15.0,one-year,none,0,0
53,87.38,month-to-month,dsl,0,0
19,24.8,month-to-month,dsl,1,0
71,80.67,month-to-month,fiber,0,0
32,64.83,two-year,dsl,1,0
38,73.24,one-year,fiber,1,0
54,47.21,one-year,dsl,0,0
47,89.51,month-to-month,fiber,0,0
12,33.79,month-to-month,fiber,0,1
21,101.04,month-to-month,dsl,0,1
26,59.77,two-year,fiber,0,0
68,34.93,month-to-month,fiber,1,0
51,109.87,month-to-month,none,1,0
26,68.32,one-year,fiber,0,0
52,117.69,one-year,fiber,0,0
53,100.53,month-to-month,fiber,0,1
28,50.05,month-to-month,none,0,0
29,67.88,month-to-month,dsl,0,0
64,73.03,one-year,dsl,1,0
40,108.16,month-to-month,none,0,0
10,80.94,one-year,dsl,0,0
51,74.41,month-to-month,none,1,0
42,65.0,two-year,dsl,0,0
36,68.74,two-year,none,1,0
52,102.61,month-to-month,dsl,1,0
65,70.09,month-to-month,fiber,0,0
23,60.13,month-to-month,fiber,0,1
30,55.89,two-year,fiber,1,0
13,56.16,month-to-month,dsl,0,0
46,34.95,one-year,none,0,0
28,51.24,month-to-month,dsl,1,0
24,107.46,month-to-month,dsl,0,0
50,64.84,one-year,dsl,0,0
29,87.61,one-year,none,0,0
33,15.0,two-year,dsl,0,0
31,84.21,two-year,fiber,1,0
18,65.97,one-year,dsl,1,0
9,57.96,month-to-month,fiber,1,0
59,74.52,two-year,fiber,0,0
6,57.6,two-year,fiber,1,0
23,16.9,two-year,fiber,0,0
48,93.06,two-year,fiber,0,0
9,76.08,month-to-month,fiber,0,1
47,62.15,one-year,none,0,0
52,45.85,one-year,fiber,0,0
47,33.25,month-to-month,none,0,0
21,75.6,one-year,fiber,0,0
1,110.34,month-to-month,none,0,1
63,75.08,month-to-month,dsl,1,0
23,35.43,month-to-month,none,0,0
57,75.63,one-year,dsl,1,0
14,68.67,one-year,dsl,0,0
11,91.6,month-to-month,fiber,0,1
56,85.17,month-to-month,fiber,0,0
67,15.0,one-year,dsl,0,0
61,83.63,month-to-month,fiber,0,0
54,44.91,month-to-month,fiber,0,1
17,34.46,month-to-month,none,0,0
65,65.29,two-year,fiber,0,0
48,80.27,month-to-month,dsl,0,0
12,28.98,one-year,fiber,1,0
9,87.61,two-year,fiber,0,0
62,89.08,month-to-month,fiber,1,0
19,71.17,two-year,dsl,0,0
55,48.31,month-to-month,none,0,0
9,45.52,month-to-month,none,0,0
20,95.65,month-to-month,fiber,1,0
20,32.22,one-year,fiber,0,0
20,96.61,two-year,none,1,0
48,65.87,one-year,fiber,1,0
65,67.6,one-year,fiber,0,0
65,27.3,month-to-month,dsl,0,0
53,66.33,two-year,dsl,0,0
14,85.34,month-to-month,fiber,0,1
69,36.59,month-to-month,fiber,1,0
39,82.47,two-year,none,1,0
39,72.23,month-to-month,none,0,0
50,53.91,month-to-month,dsl,0,0
55,91.37,month-to-month,dsl,0,0
68,15.0,month-to-month,none,1,0
41,78.67,two-year,dsl,0,0
43,110.49,month-to-month,dsl,1,0
53,106.0,two-year,dsl,0,0
18,79.75,month-to-month,fiber,1,0
22,62.46,one-year,none,0,0
45,54.1,one-year,dsl,0,0
4,62.43,one-year,fiber,1,0
23,83.6,month-to-month,dsl,1,0
51,49.82,one-year,none,0,0
70,88.94,one-year,fiber,1,0
37,123.33,two-year,dsl,0,0
28,68.45,month-to-month,fiber,0,0
31,36.39,month-to-month,dsl,0,0
49,36.38,one-year,none,0,0
39,89.41,month-to-month,none,1,0
1,68.51,month-to-month,none,0,1
38,91.92,two-year,dsl,0,0
28,56.66,month-to-month,dsl,1,0
50,90.77,month-to-month,dsl,0,1
63,66.04,one-year,fiber,0,0
69,51.69,month-to-month,dsl,0,0
43,59.98,month-to-month,dsl,1,1
26,40.07,month-to-month,dsl,0,0
31,119.73,month-to-month,fiber,1,1
12,67.59,month-to-month,fiber,1,0
67,86.11,two-year,fiber,1,0
61,56.58,month-to-month,fiber,1,0
61,43.7,month-to-month,fiber,0,0
23,64.15,one-year,fiber,1,0
23,97.53,month-to-month,none,0,1
61,56.98,month-to-month,fiber,0,0
39,48.24,month-to-month,none,0,0
50,73.89,month-to-month,fiber,1,0
35,82.48,month-to-month,none,0,0
31,111.07,month-to-month,dsl,1,1
45,78.84,two-year,none,1,0
58,86.1,two-year,none,0,0
24,87.98,two-year,dsl,0,0
58,41.17,month-to-month,fiber,0,1
17,45.92,one-year,dsl,0,0
29,42.9,one-year,fiber,1,0
65,36.7,month-to-month,none,0,0
68,89.89,two-year,none,0,0
66,77.25,one-year,fiber,0,0
22,71.99,month-to-month,dsl,0,1
60,15.0,two-year,fiber,0,0
67,121.39,month-to-month,dsl,0,0
70,47.64,month-to-month,dsl,1,0
1,121.3,month-to-month,dsl,0,1
53,33.77,month-to-month,none,0,0
71,49.69,two-year,fiber,0,0
55,15.0,one-year,dsl,1,0
16,79.05,month-to-month,dsl,1,0
54,42.47,one-year,fiber,0,0
7,43.17,two-year,fiber,0,0
34,35.69,two-year,fiber,1,0
45,89.43,two-year,dsl,1,0
32,87.79,two-year,none,1,0
50,115.3,one-year,fiber,1,0
17,52.86,month-to-month,fiber,0,1
43,75.47,two-year,dsl,0,0
46,37.77,month-to-month,fiber,1,0
45,61.62,month-to-month,fiber,0,0
20,57.03,month-to-month,dsl,0,1
21,81.61,month-to-month,fiber,1,0
18,95.43,one-year,none,1,0
33,94.78,two-year,fiber,0,0
42,48.93,month-to-month,dsl,1,1
26,94.96,one-year,fiber,0,0
29,68.9,month-to-month,fiber,1,1
20,61.89,one-year,dsl,1,0
15,52.29,month-to-month,dsl,1,0
47,56.0,month-to-month,none,1,0
58,113.56,one-year,fiber,1,0
20,77.69,month-to-month,dsl,1,0
61,74.37,month-to-month,dsl,0,0
41,63.44,month-to-month,fiber,0,1
12,130.0,month-to-month,none,0,1
26,102.63,one-year,fiber,0,0
0,51.97,month-to-month,none,1,0
2,63.16,month-to-month,dsl,0,0
24,64.64,two-year,fiber,1,0
32,73.65,one-year,dsl,0,0
57,52.47,month-to-month,fiber,0,0
9,80.97,one-year,dsl,0,1
60,106.3,month-to-month,none,0,1
16,37.16,month-to-month,dsl,0,0
9,41.8,one-year,fiber,0,0
50,57.92,month-to-month,fiber,0,0
55,59.08,month-to-month,dsl,1,1
43,119.96,two-year,dsl,0,0
8,95.04,one-year,dsl,1,1
8,93.61,two-year,fiber,1,0
28,63.39,two-year,dsl,0,0
32,62.84,month-to-month,dsl,0,0
71,33.71,one-year,dsl,1,0
20,89.54,month-to-month,fiber,1,1
13,82.28,one-year,dsl,0,0
68,102.15,month-to-month,fiber,1,1
11,64.73,month-to-month,none,0,0
1,66.46,month-to-month,none,0,1
30,74.25,one-year,none,0,0
28,92.3,month-to-month,fiber,1,1
44,33.24,one-year,dsl,0,0
63,88.4,two-year,none,0,0
67,69.49,one-year,fiber,0,0
20,43.53,month-to-month,fiber,0,0
70,17.88,month-to-month,fiber,0,0
45,66.59,two-year,dsl,0,0
5,106.19,one-year,fiber,1,1
67,111.87,month-to-month,fiber,1,0
9,78.88,two-year,dsl,0,0
42,119.05,month-to-month,dsl,0,1
56,68.93,month-to-month,none,0,0
17,93.83,month-to-month,dsl,1,0
19,58.72,month-to-month,none,0,0
34,57.14,month-to-month,dsl,1,0
63,53.06,one-year,none,0,0
16,18.49,month-to-month,fiber,0,0
47,102.18,one-year,none,0,0
32,53.96,two-year,none,1,0
8,49.96,two-year,dsl,0,0
51,40.5,month-to-month,fiber,0,0
59,64.89,one-year,fiber,0,0
41,114.09,month-to-month,fiber,1,1
12,122.34,one-year,fiber,0,1
11,28.48,month-to-month,fiber,1,0
30,61.14,one-year,fiber,1,0
36,44.14,month-to-month,fiber,0,0
39,94.71,one-year,none,0,0
17,77.16,month-to-month,dsl,0,1
36,54.09,month-to-month,none,1,0
21,71.81,one-year,fiber,1,0
49,58.06,month-to-month,fiber,1,0
57,110.36,one-year,fiber,0,0
46,83.67,one-year,none,1,0
0,86.75,one-year,fiber,0,1
71,15.0,one-year,dsl,1,0
1,68.33,one-year,fiber,0,0
71,122.08,two-year,fiber,0,0
2,103.15,month-to-month,fiber,1,1
37,23.82,one-year,dsl,0,0
7,62.16,one-year,fiber,1,1
6,39.96,month-to-month,none,0,0
49,112.78,month-to-month,fiber,1,0
52,76.11,month-to-month,fiber,0,0
8,50.81,one-year,fiber,0,0
70,70.85,month-to-month,none,0,0
23,15.0,one-year,dsl,1,0
22,42.88,one-year,dsl,1,0
21,70.91,one-year,dsl,0,0
33,91.14,month-to-month,none,0,0
12,21.47,one-year,fiber,0,0
30,60.47,one-year,dsl,1,0
15,95.24,month-to-month,none,1,1
3,33.71,month-to-month,fiber,1,0
26,75.73,month-to-month,fiber,0,1
48,71.65,two-year,dsl,0,0
54,112.86,month-to-month,fiber,0,0
25,64.25,month-to-month,fiber,1,0
23,65.71,month-to-month,fiber,0,1
56,91.37,month-to-month,fiber,0,0
49,36.84,month-to-month,dsl,1,0
59,64.48,one-year,dsl,0,0
65,58.61,month-to-month,dsl,0,0
59,66.53,two-year,dsl,0,0
67,91.21,month-to-month,fiber,1,0
29,83.85,month-to-month,dsl,1,1
28,51.28,one-year,none,0,0
23,73.42,one-year,fiber,0,0
16,107.26,two-year,dsl,0,1
53,49.22,month-to-month,none,1,0
51,73.63,month-to-month,dsl,0,0
57,65.17,one-year,fiber,0,0
12,68.42,month-to-month,fiber,0,1
35,29.23,two-year,dsl,1,0
15,105.27,month-to-month,dsl,0,1
64,50.64,month-to-month,dsl,0,0
19,95.65,one-year,dsl,0,0
10,54.47,one-year,fiber,1,0
41,54.36,two-year,dsl,1,0
63,100.33,two-year,dsl,1,0
65,94.85,month-to-month,none,0,0
6,75.22,one-year,dsl,0,0
23,89.03,two-year,fiber,0,0
11,62.79,month-to-month,dsl,1,0
22,69.79,month-to-month,dsl,1,0
38,53.46,two-year,fiber,0,0
20,92.6,month-to-month,dsl,0,1
4,52.66,two-year,fiber,0,0
36,107.13,month-to-month,fiber,1,1
3,62.1,two-year,dsl,0,0
16,70.51,one-year,fiber,0,0
0,88.97,one-year,dsl,0,1
6,70.6,one-year,dsl,0,0
31,62.55,month-to-month,none,0,0
61,69.25,one-year,dsl,1,0
55,92.35,two-year,dsl,1,0
7,53.43,two-year,fiber,0,0
2,66.84,two-year,none,0,0
24,70.26,one-year,fiber,1,0
46,91.61,one-year,dsl,1,0
53,67.5,one-year,dsl,1,0
59,115.21,one-year,fiber,1,0
24,66.09,one-year,dsl,1,0
12,64.06,month-to-month,dsl,1,0
1,65.72,month-to-month,fiber,0,1
10,37.08,one-year,fiber,0,0
4,44.08,month-to-month,fiber,0,0
61,56.73,month-to-month,none,1,0
19,98.4,month-to-month,dsl,1,0
59,69.17,two-year,fiber,1,0
39,57.88,two-year,dsl,0,0
38,100.66,one-year,dsl,0,0
32,108.78,two-year,dsl,1,0
58,101.38,two-year,dsl,1,0
3,48.67,month-to-month,fiber,1,0
6,57.62,month-to-month,fiber,0,1
30,115.34,month-to-month,dsl,1,1
28,76.03,month-to-month,dsl,1,0
39,63.31,one-year,dsl,1,0
53,87.96,month-to-month,fiber,1,0
42,95.18,two-year,none,1,0
18,55.71,one-year,fiber,0,0
23,75.49,month-to-month,dsl,0,1
54,93.16,two-year,fiber,0,0
14,40.99,two-year,dsl,0,0
36,70.31,one-year,none,1,0
38,42.14,one-year,fiber,1,0
54,45.41,two-year,dsl,0,0
51,55.92,one-year,dsl,1,0
33,81.93,two-year,fiber,0,0
22,61.95,month-to-month,fiber,0,1
26,53.79,one-year,dsl,1,0
29,71.29,month-to-month,fiber,0,0
15,41.33,month-to-month,fiber,1,1
45,80.72,month-to-month,none,1,0
15,98.28,month-to-month,dsl,0,1
46,68.02,month-to-month,dsl,0,0
54,64.93,month-to-month,dsl,0,0
69,79.34,month-to-month,dsl,1,0
8,19.29,two-year,dsl,0,0
54,83.42,one-year,fiber,1,0
6,130.0,one-year,fiber,1,1
24,66.93,month-to-month,dsl,0,1
12,67.02,two-year,none,0,0
11,88.59,month-to-month,fiber,0,1
12,111.13,month-to-month,none,0,1
3,94.37,month-to-month,dsl,0,1
59,16.11,two-year,dsl,1,0
4,84.08,two-year,fiber,1,0
28,130.0,one-year,fiber,0,1
50,85.56,one-year,dsl,0,0
71,41.13,month-to-month,fiber,0,0
61,77.05,one-year,fiber,1,0
9,37.98,month-to-month,fiber,1,1
71,100.82,month-to-month,none,1,0
47,46.1,two-year,fiber,0,0
12,71.86,two-year,dsl,1,0
32,48.56,month-to-month,fiber,1,0
66,56.34,month-to-month,fiber,0,0
28,107.15,month-to-month,fiber,0,1
13,72.59,month-to-month,dsl,0,0
63,56.02,month-to-month,dsl,1,0
68,41.37,one-year,fiber,0,0
70,23.21,month-to-month,none,0,0
68,38.72,month-to-month,fiber,0,0
62,72.8,month-to-month,none,0,0
32,94.51,one-year,fiber,1,0
13,55.99,month-to-month,none,0,1
44,109.26,month-to-month,none,0,0
15,52.06,one-year,none,1,0
34,64.05,one-year,fiber,1,0
47,43.01,month-to-month,dsl,0,0
68,94.77,one-year,none,0,0
20,122.44,month-to-month,dsl,0,0
18,25.95,one-year,fiber,0,0
52,61.35,month-to-month,dsl,1,0
0,101.62,two-year,fiber,1,0
40,33.83,two-year,dsl,0,0
53,84.17,one-year,fiber,0,0
39,100.54,two-year,dsl,0,0
27,71.96,month-to-month,fiber,1,0
59,83.76,one-year,fiber,0,0
26,114.02,month-to-month,fiber,0,1
51,118.71,month-to-month,none,0,1
33,68.45,month-to-month,dsl,1,0
1,56.69,one-year,dsl,1,0
38,47.0,one-year,dsl,0,0
3,94.42,two-year,dsl,1,0
67,35.71,one-year,fiber,1,0
43,63.69,two-year,dsl,0,0
26,72.57,two-year,fiber,1,0
35,57.42,two-year,dsl,1,0
44,77.0,month-to-month,fiber,0,0
18,130.0,month-to-month,none,1,0
20,66.96,one-year,dsl,0,0
30,59.11,two-year,fiber,0,0
18,95.38,month-to-month,dsl,0,1
54,75.99,month-to-month,fiber,1,0
7,105.98,month-to-month,fiber,1,1
59,74.12,month-to-month,none,0,0
25,63.79,two-year,dsl,0,0
40,25.41,month-to-month,dsl,0,0
11,29.51,month-to-month,dsl,1,0
27,24.11,one-year,fiber,0,0
54,79.48,month-to-month,fiber,1,0
19,35.94,month-to-month,dsl,0,0
9,101.39,one-year,dsl,0,0
37,70.76,month-to-month,fiber,0,0
11,63.9,two-year,fiber,0,0
22,48.9,one-year,fiber,0,0
32,85.56,two-year,fiber,1,0
40,49.89,month-to-month,fiber,0,0
46,45.37,one-year,fiber,0,0
48,99.71,one-year,dsl,1,0
60,78.87,one-year,fiber,0,0
4,64.13,month-to-month,fiber,1,1
26,86.04,month-to-month,dsl,1,0
0,70.22,month-to-month,none,1,1
0,79.58,two-year,fiber,0,0
15,49.58,two-year,fiber,0,0
43,121.76,month-to-month,dsl,0,1
64,55.51,one-year,fiber,0,0
55,108.9,one-year,fiber,0,1
46,65.28,one-year,dsl,0,1
56,90.18,month-to-month,fiber,0,1
12,88.36,two-year,none,1,0
60,98.67,one-year,none,1,0
64,48.98,one-year,fiber,0,0
6,96.89,one-year,fiber,1,0
33,116.16,one-year,none,1,0
59,63.53,month-to-month,dsl,0,0
34,70.87,two-year,none,1,0
60,56.91,month-to-month,dsl,1,0
67,61.34,two-year,fiber,1,0
34,112.79,two-year,fiber,1,0
4,44.89,one-year,fiber,0,0
24,46.45,one-year,none,0,0
15,110.27,month-to-month,fiber,1,0
34,85.61,month-to-month,dsl,0,0
42,123.01,one-year,dsl,0,0
33,58.74,month-to-month,none,1,0
14,73.16,month-to-month,dsl,1,0
21,53.48,two-year,fiber,1,0
48,73.58,month-to-month,fiber,0,0
1,25.65,month-to-month,dsl,0,0
15,87.12,month-to-month,none,0,1
64,78.09,one-year,dsl,1,0
7,68.56,month-to-month,dsl,0,1
29,60.24,one-year,none,1,0
14,47.63,month-to-month,fiber,1,0
7,88.19,month-to-month,fiber,0,1
30,40.72,month-to-month,none,1,0
37,82.8,month-to-month,dsl,0,1
12,121.86,two-year,none,0,1
5,107.14,month-to-month,fiber,0,1
9,32.37,month-to-month,dsl,0,0
46,56.58,month-to-month,fiber,1,0
61,80.54,month-to-month,fiber,0,0
12,68.24,month-to-month,fiber,1,1
23,35.01,month-to-month,dsl,0,1
24,79.63,two-year,fiber,0,0
25,69.75,month-to-month,fiber,1,1
17,117.86,one-year,fiber,1,1
3,63.67,one-year,fiber,1,0
37,99.2,month-to-month,dsl,1,0
25,38.32,one-year,dsl,0,0
24,44.3,two-year,dsl,0,0
19,88.04,one-year,fiber,0,0
66,97.09,two-year,dsl,1,0
43,46.07,one-year,fiber,0,0
30,70.6,month-to-month,dsl,0,1
14,35.46,two-year,none,0,0
57,65.47,month-to-month,dsl,0,0
63,90.92,one-year,none,1,0
2,59.13,one-year,fiber,0,0
66,63.77,two-year,dsl,1,0
50,41.76,two-year,dsl,0,0
7,53.79,month-to-month,dsl,1,0
54,113.95,one-year,dsl,0,0
7,71.82,month-to-month,fiber,0,1
3,44.94,one-year,dsl,0,0
8,62.13,one-year,dsl,0,0
33,30.06,month-to-month,dsl,1,0
44,44.65,two-year,fiber,1,0
29,104.01,month-to-month,fiber,0,1
8,66.44,month-to-month,none,0,0
14,117.27,two-year,fiber,0,1
61,67.62,one-year,fiber,1,0
69,69.1,one-year,fiber,0,0
54,86.02,month-to-month,dsl,0,0
7,15.0,month-to-month,dsl,0,1
59,75.12,month-to-month,none,1,0
49,68.78,month-to-month,dsl,0,0
37,107.15,month-to-month,fiber,1,1
10,94.12,month-to-month,fiber,1,1
71,41.66,one-year,fiber,0,0
31,101.05,month-to-month,dsl,0,0
3,63.44,one-year,none,0,0
15,47.39,two-year,fiber,1,0
28,74.93,month-to-month,fiber,0,1
4,64.93,one-year,dsl,0,0
23,108.46,month-to-month,dsl,0,0
33,78.52,month-to-month,dsl,1,0
68,75.14,one-year,dsl,1,0
6,92.52,month-to-month,fiber,0,1
41,97.32,month-to-month,dsl,1,0
65,89.59,two-year,fiber,0,0
58,105.49,month-to-month,dsl,0,0
66,85.22,one-year,fiber,0,0
12,74.19,one-year,dsl,1,0
57,100.98,month-to-month,none,1,0
70,67.73,one-year,dsl,0,0
23,70.83,month-to-month,fiber,0,0
35,113.04,month-to-month,none,0,1
38,110.55,two-year,fiber,0,0
35,69.8,month-to-month,dsl,0,0
20,58.66,one-year,fiber,0,1
69,106.58,month-to-month,none,0,0
68,90.01,month-to-month,fiber,0,0
27,77.89,one-year,fiber,0,0
57,61.95,one-year,none,0,0
28,78.29,month-to-month,dsl,1,0
57,69.46,one-year,fiber,0,0
42,53.39,month-to-month,fiber,1,0
33,73.23,month-to-month,fiber,0,1
9,76.64,one-year,fiber,0,1
47,60.62,one-year,dsl,0,0
23,92.6,month-to-month,dsl,0,0
15,102.22,one-year,none,1,0
13,94.25,month-to-month,dsl,0,1
70,63.09,two-year,none,0,0
7,88.9,two-year,dsl,0,0
57,71.95,month-to-month,fiber,0,0
62,39.11,month-to-month,dsl,1,0
2,86.82,two-year,fiber,1,0
42,73.65,two-year,fiber,0,0
41,130.0,month-to-month,none,0,0
25,106.43,month-to-month,dsl,0,1
48,87.78,month-to-month,fiber,0,0
29,76.23,two-year,fiber,0,0
31,74.09,two-year,fiber,0,1
31,44.91,two-year,dsl,0,0
57,26.53,month-to-month,fiber,0,0
45,48.19,two-year,none,0,0
27,68.81,month-to-month,dsl,0,0
66,17.36,month-to-month,fiber,1,0
57,56.39,month-to-month,dsl,0,1
67,63.81,month-to-month,none,1,0
52,64.61,one-year,none,0,0
28,53.46,month-to-month,dsl,0,0
55,61.46,month-to-month,fiber,1,0
23,113.1,two-year,dsl,0,0
19,86.55,month-to-month,none,1,0
32,55.99,month-to-month,none,1,0
69,68.29,month-to-month,dsl,0,0
40,69.29,month-to-month,dsl,0,0
27,50.8,month-to-month,fiber,0,0
33,50.77,one-year,fiber,1,0
20,95.26,month-to-month,fiber,0,1
47,59.51,month-to-month,fiber,1,0
25,42.63,two-year,dsl,0,0
39,68.92,month-to-month,fiber,0,1
26,72.95,one-year,dsl,0,0
23,20.68,month-to-month,dsl,1,0
69,68.98,two-year,fiber,1,0
24,91.7,month-to-month,dsl,0,0
5,81.28,one-year,fiber,0,0
27,125.74,one-year,fiber,0,0
38,101.28,one-year,none,0,0
6,106.22,two-year,fiber,1,0
22,130.0,month-to-month,fiber,0,1
11,88.95,month-to-month,dsl,1,0
36,74.08,two-year,fiber,0,0
52,94.34,two-year,fiber,1,0
69,56.02,month-to-month,dsl,1,0
28,72.69,one-year,dsl,1,0
62,53.81,one-year,dsl,1,0
15,79.95,one-year,none,0,0
56,53.7,two-year,fiber,1,0
40,52.83,two-year,dsl,0,0
54,80.34,month-to-month,fiber,0,0
54,66.56,one-year,fiber,0,0
38,21.81,month-to-month,none,1,0
18,33.61,month-to-month,dsl,1,0
37,41.32,two-year,fiber,0,1
59,47.93,one-year,fiber,1,0
69,80.36,month-to-month,fiber,1,0
66,75.47,one-year,dsl,1,0
13,96.63,month-to-month,fiber,0,1
43,88.82,month-to-month,none,0,1
7,96.8,one-year,fiber,0,1
48,85.21,one-year,fiber,1,0
71,75.24,month-to-month,none,0,0
3,97.48,month-to-month,none,1,1
47,92.99,one-year,fiber,1,0
68,79.4,month-to-month,dsl,0,0
60,101.78,two-year,none,1,0
28,15.0,month-to-month,dsl,0,0
7,62.74,two-year,dsl,1,0
66,62.36,month-to-month,dsl,0,0
66,98.82,month-to-month,none,1,0
41,109.28,month-to-month,dsl,1,0
70,33.75,one-year,fiber,1,0
0,105.28,two-year,dsl,0,0
44,40.71,month-to-month,dsl,0,0
2,41.47,month-to-month,dsl,1,1
67,64.14,month-to-month,fiber,1,0
48,62.04,one-year,dsl,1,0
65,31.04,month-to-month,dsl,1,0
40,86.25,two-year,none,1,0
5,86.99,month-to-month,fiber,0,1
1,96.35,one-year,dsl,1,0
24,59.16,two-year,dsl,0,0
53,69.01,month-to-month,fiber,1,0
10,69.24,month-to-month,dsl,0,1
61,112.2,two-year,fiber,1,0
17,15.0,month-to-month,dsl,0,0
35,46.08,one-year,dsl,0,0
14,70.14,two-year,fiber,1,0
33,42.86,month-to-month,dsl,1,0
32,63.54,two-year,none,1,0
0,66.85,month-to-month,fiber,1,1
40,53.56,one-year,none,0,0
56,71.61,month-to-month,fiber,0,0
67,85.7,month-to-month,fiber,1,0
23,64.09,month-to-month,dsl,1,0
63,58.67,month-to-month,fiber,1,0
63,65.86,month-to-month,none,0,0
71,69.81,month-to-month,dsl,1,0
26,26.49,one-year,dsl,0,0
61,81.54,month-to-month,dsl,1,0
40,58.72,month-to-month,dsl,0,1
4,101.54,month-to-month,dsl,0,1
19,84.78,month-to-month,dsl,0,1
48,99.25,month-to-month,none,1,1
11,44.72,month-to-month,dsl,1,0
31,60.72,one-year,fiber,1,0
55,38.94,one-year,dsl,0,0
10,52.37,one-year,fiber,1,0
35,101.3,month-to-month,fiber,0,0
15,107.19,two-year,fiber,0,0
38,41.3,one-year,fiber,1,0
17,58.54,one-year,fiber,0,1
69,68.1,month-to-month,none,0,0
5,84.64,month-to-month,dsl,0,1
69,26.0,month-to-month,fiber,1,0
57,29.92,month-to-month,none,0,0
61,82.24,one-year,none,0,0
61,21.27,month-to-month,none,0,0
13,58.83,month-to-month,fiber,1,1
67,74.05,month-to-month,fiber,0,0
42,80.39,month-to-month,dsl,0,0
69,66.46,month-to-month,dsl,0,0
63,60.86,month-to-month,dsl,0,0
41,91.11,month-to-month,dsl,0,1
26,77.13,month-to-month,dsl,1,0
8,53.82,one-year,none,0,0
7,70.94,two-year,dsl,0,0
28,79.58,two-year,none,0,0
58,112.96,one-year,none,0,0
36,89.66,month-to-month,fiber,1,0
34,100.36,one-year,none,1,0
17,54.73,two-year,fiber,1,0
40,56.9,month-to-month,fiber,0,0
45,64.12,month-to-month,none,0,0
70,66.41,one-year,fiber,0,0
52,44.8,month-to-month,dsl,0,0
43,101.65,one-year,none,1,0
65,92.08,month-to-month,fiber,0,0
30,62.36,month-to-month,fiber,0,1
67,86.04,one-year,fiber,1,0
26,75.57,one-year,dsl,0,0
9,88.0,one-year,fiber,1,0
30,36.39,two-year,fiber,0,1
9,66.36,two-year,none,1,0
8,68.55,month-to-month,fiber,1,0
63,85.59,two-year,dsl,1,0
57,54.29,month-to-month,fiber,0,0
15,15.0,month-to-month,dsl,0,1
60,42.96,two-year,dsl,0,0
4,68.47,month-to-month,fiber,1,1
20,71.6,two-year,fiber,0,0
50,112.09,month-to-month,fiber,0,0
21,84.57,month-to-month,fiber,0,0
52,72.04,month-to-month,fiber,1,0
62,69.19,one-year,dsl,0,1
4,97.6,two-year,fiber,0,1
1,55.25,month-to-month,fiber,1,0
67,66.49,month-to-month,fiber,1,0
37,42.77,month-to-month,none,1,0
36,105.47,month-to-month,fiber,0,1
33,79.81,one-year,dsl,0,0
31,52.31,one-year,dsl,0,0
49,67.14,month-to-month,fiber,0,1
41,82.74,month-to-month,fiber,0,0
11,63.73,one-year,fiber,0,1
45,56.64,month-to-month,dsl,0,0
48,53.64,month-to-month,fiber,0,0
8,78.47,one-year,fiber,1,1
27,61.05,month-to-month,none,0,0
56,58.66,month-to-month,dsl,1,0
44,36.6,month-to-month,fiber,1,0
9,71.94,one-year,none,0,0
2,65.47,month-to-month,fiber,0,1
41,61.96,two-year,fiber,1,0
33,74.97,month-to-month,fiber,1,0
69,88.7,month-to-month,none,0,0
37,87.54,one-year,fiber,0,0
67,83.82,month-to-month,dsl,1,0
15,63.98,month-to-month,dsl,1,1
32,55.83,month-to-month,dsl,1,1
10,43.9,one-year,fiber,0,1
41,55.17,month-to-month,fiber,1,0
13,70.49,two-year,dsl,0,0
35,50.34,month-to-month,fiber,0,1
24,72.4,month-to-month,dsl,1,0
13,45.86,month-to-month,fiber,0,1
6,28.48,month-to-month,dsl,0,0
36,90.49,two-year,dsl,1,0
68,58.14,month-to-month,dsl,1,0
14,49.07,two-year,dsl,1,0
29,42.65,month-to-month,fiber,0,0
16,80.58,month-to-month,fiber,0,1
58,104.37,month-to-month,fiber,0,0
29,59.92,one-year,dsl,0,0
70,64.61,month-to-month,fiber,0,0
17,96.79,one-year,fiber,0,1
5,24.74,two-year,fiber,0,0
41,119.17,one-year,fiber,0,0
46,130.0,month-to-month,dsl,0,1
71,15.0,one-year,dsl,0,0
62,67.56,month-to-month,fiber,0,0
63,52.03,month-to-month,fiber,1,0
45,63.38,month-to-month,dsl,0,0
25,59.54,two-year,dsl,1,0
30,90.29,month-to-month,none,0,0
9,67.19,one-year,none,1,0
31,47.23,one-year,none,1,0
26,65.7,month-to-month,none,1,0
2,82.87,month-to-month,none,1,0
14,40.41,one-year,dsl,0,1
38,28.84,month-to-month,dsl,0,0
26,119.82,month-to-month,dsl,1,1
71,53.94,month-to-month,fiber,0,0
34,66.57,two-year,fiber,1,0
69,60.06,month-to-month,none,1,0
47,83.7,month-to-month,dsl,0,0
2,114.32,month-to-month,fiber,0,1
14,84.5,month-to-month,fiber,1,1
50,32.04,two-year,fiber,1,0
39,35.4,month-to-month,fiber,1,0
21,60.03,one-year,dsl,1,0
37,63.29,one-year,dsl,0,0
65,26.95,month-to-month,dsl,0,0
27,90.48,one-year,fiber,0,0
3,42.84,two-year,fiber,0,0
22,107.33,one-year,fiber,1,0
67,115.52,one-year,fiber,1,0
54,63.79,month-to-month,dsl,1,0
60,80.97,two-year,fiber,0,0
65,39.2,month-to-month,none,0,0
8,85.59,one-year,dsl,0,1
20,57.55,month-to-month,fiber,0,1
4,42.82,one-year,fiber,0,1
0,62.77,two-year,fiber,0,0
60,58.36,one-year,fiber,0,0
67,61.87,month-to-month,none,0,0
11,93.74,one-year,dsl,1,0
51,50.37,two-year,dsl,1,0
38,113.38,one-year,dsl,0,0
4,36.87,two-year,none,1,0
65,110.39,two-year,none,0,0
62,44.59,two-year,fiber,0,0
40,69.97,month-to-month,fiber,1,0
50,57.75,month-to-month,fiber,0,0
28,61.41,two-year,fiber,1,0
57,90.03,two-year,dsl,0,0
32,107.5,month-to-month,fiber,0,0
71,99.76,month-to-month,dsl,0,0
4,59.88,month-to-month,fiber,0,0
12,74.61,one-year,dsl,0,0
69,50.45,two-year,fiber,0,0
20,45.21,one-year,fiber,0,0
22,41.34,month-to-month,none,0,0
56,59.06,month-to-month,fiber,0,0
13,76.24,two-year,dsl,1,0
36,22.2,month-to-month,none,1,0
20,68.84,month-to-month,fiber,1,0
14,107.9,month-to-month,fiber,1,1
69,98.05,two-year,fiber,0,0
14,55.37,month-to-month,fiber,1,0
6,35.08,month-to-month,none,1,0
48,81.5,month-to-month,none,1,0
62,15.0,two-year,fiber,1,0
9,97.75,month-to-month,dsl,1,1
50,64.66,month-to-month,none,0,0
38,115.78,month-to-month,fiber,1,0
59,26.83,month-to-month,fiber,0,0
9,92.95,two-year,none,0,0
70,67.49,one-year,dsl,0,0
44,61.72,month-to-month,fiber,0,0
60,35.75,two-year,dsl,0,0
26,84.89,month-to-month,fiber,0,1
67,86.9,two-year,dsl,0,0
45,114.63,month-to-month,dsl,1,0
9,95.2,month-to-month,fiber,0,1
66,55.15,two-year,dsl,0,0
57,44.9,two-year,dsl,1,0
21,35.79,one-year,dsl,1,0
39,106.83,one-year,dsl,1,1
27,50.55,two-year,dsl,0,0
39,107.01,one-year,fiber,1,0
69,83.13,month-to-month,fiber,1,0
64,78.25,month-to-month,dsl,0,0
15,62.33,one-year,dsl,0,0
69,86.52,one-year,fiber,0,0
31,69.61,two-year,none,1,0
50,60.77,month-to-month,none,1,0
55,87.4,month-to-month,fiber,1,0
34,66.4,month-to-month,fiber,1,0
32,50.04,two-year,dsl,1,0
32,85.0,month-to-month,fiber,0,1
62,68.4,two-year,none,0,0
27,82.22,month-to-month,dsl,0,0
20,58.65,month-to-month,fiber,0,0
26,39.77,two-year,fiber,0,0
14,113.38,month-to-month,fiber,0,1
28,108.67,two-year,dsl,1,0
8,92.09,month-to-month,fiber,0,1
6,60.3,month-to-month,none,1,0
52,62.49,one-year,dsl,1,0
5,104.56,two-year,none,0,0
40,61.15,month-to-month,fiber,0,1
56,54.19,month-to-month,fiber,0,0
52,116.81,one-year,none,1,0
32,68.81,two-year,fiber,1,0
13,114.21,two-year,fiber,0,0
67,35.04,two-year,none,1,0
60,82.95,month-to-month,dsl,1,0
44,121.78,one-year,none,0,0
6,70.74,two-year,fiber,1,0
2,63.4,two-year,dsl,0,0
22,40.81,two-year,dsl,0,0
11,97.06,two-year,dsl,1,0
61,50.75,two-year,fiber,0,0
14,67.63,month-to-month,none,1,0
20,39.14,month-to-month,fiber,1,1
70,108.92,two-year,dsl,0,0
58,98.87,month-to-month,none,1,0
15,69.21,month-to-month,dsl,0,0
27,41.15,month-to-month,fiber,0,0
37,108.4,one-year,dsl,0,0
47,60.85,two-year,dsl,1,0
67,42.37,two-year,fiber,1,0
62,25.95,month-to-month,fiber,0,0
70,53.85,month-to-month,dsl,0,0
2,33.63,month-to-month,dsl,1,0
17,54.43,two-year,none,1,0
40,88.61,month-to-month,fiber,0,0
3,60.61,one-year,fiber,0,1
25,78.89,one-year,fiber,0,0
11,51.92,one-year,none,0,0
67,71.63,one-year,none,0,0
4,118.02,one-year,none,1,1
10,61.29,one-year,dsl,1,0
14,79.61,month-to-month,fiber,0,0
10,30.86,month-to-month,dsl,1,0
40,108.0,month-to-month,fiber,0,1
26,58.07,month-to-month,fiber,1,0
65,96.26,one-year,fiber,0,0
18,66.92,month-to-month,fiber,0,0
38,85.29,two-year,fiber,0,0
47,86.78,month-to-month,none,0,0
45,58.69,one-year,dsl,1,0
57,97.3,month-to-month,dsl,0,0
14,51.03,month-to-month,fiber,0,1
36,89.45,month-to-month,dsl,0,0
57,60.24,one-year,fiber,1,0
62,78.74,month-to-month,fiber,1,0
44,58.45,one-year,fiber,1,1
46,71.25,one-year,fiber,1,0
62,43.13,two-year,none,1,0
44,76.19,one-year,none,0,0
68,71.1,one-year,fiber,1,0
9,56.5,two-year,dsl,0,0
25,68.62,month-to-month,fiber,1,0
8,73.35,one-year,fiber,1,0
6,54.59,month-to-month,dsl,0,0
33,66.78,one-year,dsl,0,0
16,44.86,month-to-month,dsl,0,1
29,128.64,month-to-month,fiber,1,1
31,96.48,one-year,dsl,0,0
44,76.83,month-to-month,fiber,1,1
68,99.3,month-to-month,fiber,0,0
61,20.52,month-to-month,fiber,0,0
27,15.0,two-year,fiber,0,0
23,60.02,month-to-month,fiber,1,0
55,35.54,month-to-month,fiber,0,0
8,64.08,two-year,dsl,1,0
38,75.14,two-year,fiber,1,0
30,93.01,month-to-month,fiber,1,0
13,41.54,month-to-month,none,0,0
44,79.99,month-to-month,none,0,0
23,70.36,two-year,fiber,0,0
13,78.69,month-to-month,fiber,0,0
47,57.01,month-to-month,fiber,0,0
12,104.58,month-to-month,none,0,1
48,67.41,one-year,fiber,1,0
11,114.35,month-to-month,fiber,0,1
31,50.24,one-year,dsl,0,0
58,88.57,month-to-month,dsl,1,0
16,68.51,one-year,fiber,0,1
55,61.81,two-year,fiber,0,0
51,85.81,month-to-month,fiber,1,0
64,62.52,month-to-month,fiber,0,0
12,15.0,month-to-month,fiber,0,1
51,15.0,one-year,none,0,0
67,101.81,month-to-month,dsl,0,0
54,100.76,one-year,dsl,0,0
13,117.18,month-to-month,dsl,1,1
59,69.56,one-year,dsl,0,0
7,37.68,one-year,fiber,0,0
42,59.51,month-to-month,dsl,0,0
35,70.29,month-to-month,fiber,1,0
38,44.82,one-year,fiber,0,0
37,111.21,month-to-month,fiber,0,0
2,125.99,one-year,dsl,0,1
36,81.96,two-year,dsl,0,0
67,69.73,month-to-month,dsl,0,0
31,37.63,month-to-month,dsl,0,0
19,108.66,month-to-month,none,0,1
71,71.91,month-to-month,fiber,0,0
7,62.77,two-year,fiber,1,0
35,82.03,two-year,dsl,0,0
36,55.36,month-to-month,dsl,0,0
34,73.67,two-year,fiber,0,0
66,33.94,month-to-month,fiber,0,0
30,97.18,two-year,none,0,0
70,67.39,two-year,fiber,0,0
4,98.97,month-to-month,none,0,1
52,64.97,one-year,dsl,0,0
42,66.6,one-year,none,0,0
17,39.69,month-to-month,fiber,0,1
16,88.99,month-to-month,dsl,0,1
51,48.1,one-year,fiber,0,0
45,57.84,month-to-month,fiber,0,0
44,70.03,month-to-month,fiber,0,1
3,73.03,month-to-month,fiber,0,1
43,27.35,one-year,fiber,1,0
70,64.23,month-to-month,dsl,0,0
1,89.88,month-to-month,fiber,0,1
33,60.54,month-to-month,fiber,1,0
35,64.38,month-to-month,fiber,0,0
64,74.06,one-year,dsl,0,0
20,66.85,month-to-month,fiber,1,1
34,44.24,one-year,dsl,0,0
51,69.09,month-to-month,fiber,1,0
4,94.85,one-year,dsl,0,1
57,43.72,month-to-month,dsl,0,0
59,60.64,two-year,dsl,0,0
51,35.46,month-to-month,dsl,1,0
46,93.53,two-year,none,0,0
53,67.69,month-to-month,fiber,0,0
56,48.75,month-to-month,fiber,1,0
65,72.31,one-year,none,1,0
30,39.91,month-to-month,none,0,0
32,44.16,month-to-month,dsl,0,0
45,33.5,two-year,fiber,1,0
13,43.33,one-year,fiber,1,0
61,103.93,one-year,none,1,0
55,51.67,two-year,dsl,1,0
45,81.66,month-to-month,fiber,1,0
21,49.09,month-to-month,fiber,0,0
25,88.99,two-year,dsl,0,0
31,44.35,month-to-month,dsl,0,0
47,70.98,month-to-month,none,1,0
56,71.32,month-to-month,fiber,0,1
48,128.2,month-to-month,fiber,0,1
66,85.76,month-to-month,fiber,0,1
69,55.18,month-to-month,dsl,1,0
50,87.13,one-year,fiber,0,0
26,123.45,one-year,fiber,1,0
43,29.26,two-year,fiber,1,0
30,48.94,month-to-month,fiber,0,0
45,64.08,month-to-month,none,0,0
58,59.57,one-year,fiber,0,0
26,61.68,month-to-month,dsl,1,0
36,37.39,month-to-month,dsl,0,1
3,105.1,one-year,fiber,1,1
53,34.43,one-year,dsl,1,0
35,64.99,month-to-month,none,0,0
33,96.15,one-year,dsl,0,0
38,69.25,one-year,dsl,0,0
15,45.52,two-year,none,0,0
43,36.28,month-to-month,none,0,0
53,64.25,one-year,none,0,0
25,51.07,one-year,fiber,1,0
9,75.13,month-to-month,dsl,1,0
27,34.96,one-year,dsl,1,0
14,90.33,one-year,fiber,0,0
26,72.89,month-to-month,fiber,1,0
45,74.75,month-to-month,none,1,0
8,106.03,month-to-month,fiber,0,1
53,59.06,one-year,none,1,0
16,51.85,month-to-month,none,1,0
64,56.31,month-to-month,fiber,1,0
52,65.19,month-to-month,fiber,0,0
19,67.73,one-year,none,1,0
40,49.23,one-year,fiber,0,0
7,19.42,month-to-month,dsl,0,0
7,55.98,month-to-month,fiber,0,1
68,79.0,month-to-month,fiber,0,0
57,73.41,month-to-month,fiber,0,0
11,99.99,one-year,fiber,0,1
20,118.89,month-to-month,none,0,1
14,88.98,one-year,fiber,1,1
28,104.56,one-year,fiber,1,0
20,89.17,two-year,dsl,1,0
23,112.75,month-to-month,none,0,0
38,116.27,month-to-month,fiber,1,0
13,93.78,month-to-month,dsl,0,1
63,87.66,two-year,fiber,0,0
52,64.87,one-year,none,0,0
54,68.97,one-year,dsl,0,0
12,61.55,one-year,none,1,0
50,85.53,month-to-month,dsl,0,0
60,51.99,one-year,none,1,0
12,65.22,two-year,fiber,0,0
54,15.0,month-to-month,dsl,0,0
25,113.08,two-year,dsl,0,0
56,64.49,two-year,fiber,0,1
34,81.39,two-year,none,1,0
57,106.44,two-year,dsl,0,0
10,77.51,month-to-month,none,0,0
28,106.11,one-year,fiber,1,1
19,38.96,month-to-month,none,0,1
17,129.93,one-year,fiber,0,0
22,97.18,month-to-month,none,0,1
27,75.23,two-year,fiber,0,0
9,105.63,month-to-month,dsl,1,1
50,40.78,month-to-month,fiber,1,1
39,62.78,month-to-month,dsl,0,0
59,106.11,one-year,fiber,1,0
50,23.32,month-to-month,none,1,0
10,84.01,month-to-month,none,0,1
5,83.3,month-to-month,fiber,0,1
30,119.23,month-to-month,none,0,1
34,30.43,two-year,dsl,0,0
17,110.24,month-to-month,fiber,0,1
56,56.01,month-to-month,fiber,0,0
41,58.82,month-to-month,fiber,0,0
53,39.45,month-to-month,fiber,1,0
7,42.8,month-to-month,dsl,0,0
58,80.09,month-to-month,dsl,1,0
14,42.19,month-to-month,fiber,0,0
32,88.51,month-to-month,none,0,0
31,53.43,month-to-month,fiber,1,0
59,39.67,one-year,none,0,0
19,56.8,month-to-month,none,1,1
17,78.42,one-year,dsl,0,1
24,63.07,one-year,dsl,0,0
25,70.86,two-year,fiber,0,0
13,87.41,month-to-month,none,0,0
12,97.06,one-year,dsl,1,0
16,62.25,two-year,none,1,0
33,43.89,two-year,fiber,0,1
24,71.9,two-year,dsl,1,0
28,81.77,month-to-month,fiber,1,0
51,33.48,two-year,dsl,0,0
17,47.73,two-year,dsl,0,0
65,52.02,month-to-month,fiber,1,0
54,64.8,month-to-month,fiber,1,0
12,50.97,two-year,fiber,0,0
22,87.68,month-to-month,fiber,0,1
13,29.87,one-year,fiber,1,0
19,30.51,month-to-month,fiber,1,0
26,61.65,one-year,fiber,0,0
9,65.61,month-to-month,dsl,1,1
1,33.63,one-year,dsl,0,0
31,54.83,month-to-month,fiber,0,1
50,59.97,two-year,fiber,1,0
21,60.17,month-to-month,dsl,0,0
61,73.8,month-to-month,fiber,0,1
26,53.46,month-to-month,fiber,1,0
64,106.95,month-to-month,dsl,0,0
16,82.21,two-year,none,0,0
38,49.82,month-to-month,fiber,0,1
54,72.36,month-to-month,none,0,0
4,73.1,two-year,fiber,0,1
66,100.37,month-to-month,fiber,0,0
26,54.99,month-to-month,fiber,1,1
35,89.18,one-year,dsl,1,0
45,71.05,month-to-month,dsl,1,0
46,107.29,two-year,dsl,0,0
1,102.27,one-year,none,0,0
62,74.92,month-to-month,dsl,1,0
44,63.44,one-year,fiber,1,0
71,82.67,two-year,dsl,1,0
33,65.49,month-to-month,fiber,0,1
44,112.01,one-year,dsl,0,0
31,71.96,month-to-month,none,0,0
64,59.86,month-to-month,dsl,0,1
59,58.51,one-year,fiber,1,0
65,39.67,month-to-month,dsl,0,0
36,83.91,month-to-month,fiber,0,0
56,49.5,month-to-month,fiber,0,0
25,97.45,one-year,dsl,1,0
33,37.68,one-year,fiber,1,0
54,73.18,month-to-month,fiber,0,0
5,98.76,month-to-month,dsl,1,1
51,16.19,two-year,fiber,0,0
1,120.46,month-to-month,fiber,1,1
41,59.37,month-to-month,none,1,0
34,73.53,month-to-month,fiber,1,1
33,84.29,one-year,fiber,1,0
35,88.15,month-to-month,none,0,1
35,76.85,two-year,fiber,0,0
29,94.93,one-year,none,1,0
32,82.98,month-to-month,dsl,1,0
40,114.02,one-year,dsl,0,0
54,83.06,month-to-month,fiber,1,0
39,119.12,month-to-month,fiber,0,0
46,92.53,one-year,none,0,0
60,24.86,month-to-month,fiber,0,0
71,130.0,two-year,dsl,1,0
7,55.64,one-year,none,1,0
51,107.39,month-to-month,dsl,1,0
16,70.67,two-year,fiber,0,0
14,96.53,month-to-month,dsl,0,0
57,52.79,month-to-month,dsl,0,0
4,85.64,month-to-month,fiber,0,1
61,63.67,two-year,none,0,0
55,109.48,month-to-month,fiber,1,0
71,80.97,month-to-month,none,1,0
48,93.4,month-to-month,fiber,1,1
62,15.9,month-to-month,fiber,0,0
8,67.86,month-to-month,dsl,1,0
64,80.26,one-year,fiber,0,0
11,75.59,two-year,fiber,0,0
22,94.03,one-year,fiber,1,0
9,60.85,month-to-month,none,1,0
28,71.22,month-to-month,fiber,0,0
53,99.53,month-to-month,dsl,1,0
19,15.0,month-to-month,dsl,0,1
59,84.73,one-year,dsl,0,0
43,61.65,month-to-month,fiber,0,0
45,47.19,two-year,fiber,0,0
67,78.41,month-to-month,none,1,0
31,100.69,one-year,dsl,0,0
24,95.98,two-year,none,1,0
71,66.62,one-year,dsl,1,0
40,91.89,two-year,none,1,0
44,91.7,two-year,none,0,0
21,67.82,one-year,dsl,0,0
15,52.67,month-to-month,none,0,1
12,54.12,month-to-month,fiber,0,0
16,90.95,two-year,fiber,0,0
14,68.95,month-to-month,dsl,0,0
53,43.85,two-year,dsl,1,0
4,27.88,month-to-month,fiber,0,1
45,90.8,one-year,dsl,0,1
68,56.33,month-to-month,dsl,1,0
55,78.26,two-year,none,1,0
29,100.99,month-to-month,fiber,1,1
4,37.28,month-to-month,fiber,0,0
60,68.87,two-year,dsl,1,0
0,65.73,month-to-month,dsl,0,0
49,79.49,month-to-month,none,1,0
48,100.98,two-year,fiber,0,0
13,36.76,two-year,fiber,1,0
53,84.24,month-to-month,none,0,0
12,95.79,one-year,fiber,1,0
16,65.34,month-to-month,dsl,1,1
58,66.56,month-to-month,fiber,1,0
70,80.46,one-year,fiber,0,0
19,78.62,month-to-month,none,1,1
66,84.56,month-to-month,fiber,0,0
65,84.03,month-to-month,fiber,1,0
55,45.45,two-year,dsl,0,0
10,94.76,one-year,fiber,0,0
21,99.17,month-to-month,fiber,1,0
48,74.65,two-year,dsl,0,0
71,32.65,two-year,fiber,1,0
58,67.13,month-to-month,dsl,0,0
30,74.86,two-year,fiber,1,0
16,41.38,month-to-month,fiber,0,0
69,61.0,month-to-month,fiber,1,0
19,34.77,month-to-month,none,0,0
24,85.18,month-to-month,fiber,0,0
69,74.15,one-year,none,0,0
40,28.86,one-year,fiber,1,0
19,78.79,two-year,fiber,0,0
0,68.59,month-to-month,dsl,0,1
30,82.91,month-to-month,fiber,0,0
70,60.21,month-to-month,dsl,1,0
31,49.96,month-to-month,none,0,0
50,50.73,two-year,none,0,0
18,56.55,one-year,dsl,0,0
55,70.47,one-year,dsl,0,0
55,73.7,one-year,fiber,0,0
43,65.23,month-to-month,dsl,0,0
55,59.42,month-to-month,fiber,0,0
41,61.21,month-to-month,fiber,1,1
27,130.0,two-year,dsl,0,0
53,50.73,month-to-month,fiber,1,0
60,56.05,month-to-month,dsl,0,0
60,130.0,one-year,fiber,0,0
15,80.53,month-to-month,fiber,1,1
48,35.5,month-to-month,dsl,1,0
0,91.07,month-to-month,dsl,1,1
41,47.25,month-to-month,none,1,0
41,92.73,month-to-month,fiber,0,0
26,64.73,two-year,fiber,1,1
71,59.01,one-year,fiber,0,0
63,110.23,month-to-month,fiber,1,0
2,84.16,one-year,fiber,1,1
15,94.32,one-year,dsl,0,0
14,80.87,one-year,fiber,0,1
64,58.89,two-year,none,1,0
37,85.28,two-year,dsl,0,0
52,100.23,month-to-month,dsl,0,0
58,73.37,month-to-month,fiber,1,0
55,115.04,month-to-month,fiber,0,0
6,91.26,month-to-month,fiber,0,1
10,75.3,two-year,dsl,1,0
28,76.29,one-year,dsl,1,0
24,73.43,month-to-month,fiber,0,0
53,38.72,two-year,fiber,1,0
11,67.75,one-year,none,0,0
26,75.53,month-to-month,fiber,0,1
17,59.6,two-year,fiber,0,0
13,78.44,month-to-month,fiber,0,1
12,70.53,month-to-month,fiber,1,1
14,89.34,month-to-month,fiber,0,1
40,86.58,two-year,dsl,0,0
29,74.18,month-to-month,dsl,1,0
31,35.82,month-to-month,dsl,1,0
34,114.77,one-year,fiber,1,0
53,66.45,two-year,fiber,1,0
62,67.98,month-to-month,dsl,1,0
37,61.44,month-to-month,fiber,1,0
46,57.79,two-year,fiber,1,0
53,108.6,one-year,dsl,1,0
49,104.65,month-to-month,dsl,1,1
9,81.11,month-to-month,fiber,0,1
70,67.31,month-to-month,none,0,0
11,85.48,one-year,fiber,0,1
29,71.84,one-year,none,0,1
46,65.24,one-year,fiber,0,0
29,78.45,month-to-month,dsl,0,0
17,58.97,two-year,fiber,0,0
66,76.31,month-to-month,none,1,0
5,75.11,two-year,dsl,0,0
17,85.07,month-to-month,none,1,1
71,54.52,month-to-month,dsl,1,0
52,87.75,month-to-month,dsl,1,0
6,47.34,month-to-month,fiber,0,1
54,55.69,month-to-month,fiber,1,0
69,56.78,one-year,none,0,0
7,43.2,two-year,none,1,0
29,95.39,month-to-month,fiber,0,1
33,45.77,month-to-month,fiber,0,0
9,52.53,month-to-month,fiber,0,1
14,101.39,two-year,fiber,1,0
12,55.74,month-to-month,fiber,1,1
13,65.3,month-to-month,none,1,0
29,44.7,month-to-month,fiber,1,0
33,90.82,month-to-month,none,0,0
17,91.17,one-year,none,1,0
20,88.47,month-to-month,fiber,0,1
13,83.44,month-to-month,dsl,1,0
57,71.84,two-year,dsl,1,0
15,56.89,month-to-month,fiber,0,0
65,49.63,one-year,dsl,0,0
38,102.25,month-to-month,dsl,1,0
57,89.12,two-year,fiber,1,0
45,52.67,one-year,none,1,0
19,71.0,month-to-month,fiber,1,1
43,62.5,two-year,fiber,1,0
19,41.79,month-to-month,none,0,0
8,74.44,month-to-month,fiber,0,1
18,59.61,one-year,fiber,1,0
19,46.19,one-year,fiber,0,0
9,33.02,month-to-month,fiber,1,1
1,30.9,month-to-month,fiber,0,1
67,60.71,month-to-month,dsl,1,0
36,67.87,one-year,fiber,0,0
28,48.12,two-year,dsl,1,0
66,86.27,month-to-month,fiber,0,0
16,68.36,two-year,fiber,0,0
29,84.42,month-to-month,none,0,1
60,65.43,one-year,dsl,1,0
45,50.32,two-year,dsl,0,0
28,72.85,one-year,fiber,0,0
18,38.43,month-to-month,dsl,1,0
2,83.49,month-to-month,none,0,0
6,46.57,month-to-month,none,0,1
11,92.96,one-year,dsl,0,0
56,61.54,two-year,dsl,0,0
46,96.56,month-to-month,fiber,0,1
31,41.93,month-to-month,fiber,0,0
56,53.06,month-to-month,fiber,0,0
11,79.52,one-year,fiber,0,0
15,99.26,one-year,fiber,0,1
28,111.67,month-to-month,fiber,0,1
66,71.03,one-year,dsl,0,0
44,115.94,month-to-month,dsl,0,0
61,62.76,one-year,dsl,0,0
17,97.47,month-to-month,fiber,1,1
61,46.45,month-to-month,dsl,0,0
5,80.51,one-year,none,1,0
16,15.0,one-year,fiber,0,0
37,41.96,month-to-month,none,0,0
3,81.67,one-year,fiber,1,0
61,37.19,month-to-month,dsl,0,0
62,80.67,month-to-month,dsl,1,0
38,92.66,two-year,dsl,0,0
22,57.47,two-year,none,0,0
7,45.78,month-to-month,fiber,0,1
44,58.15,two-year,dsl,1,0
38,45.85,one-year,none,0,0
54,67.47,month-to-month,dsl,0,0
43,72.55,month-to-month,fiber,1,0
9,62.35,month-to-month,fiber,0,1
8,111.86,one-year,none,0,1
56,52.01,two-year,dsl,0,0
11,104.79,month-to-month,none,1,1
67,43.97,month-to-month,fiber,0,0
7,71.82,month-to-month,dsl,1,0
52,99.58,month-to-month,none,1,0
70,98.28,two-year,none,0,0
31,59.49,month-to-month,dsl,0,0
4,83.88,one-year,fiber,0,1
63,80.53,month-to-month,dsl,0,0
13,56.5,one-year,dsl,0,0
37,85.4,one-year,fiber,0,1
70,116.56,one-year,fiber,1,0
53,81.79,month-to-month,none,0,0
3,84.16,one-year,fiber,1,1
59,86.8,one-year,fiber,1,0
11,33.48,one-year,dsl,0,1
53,81.51,one-year,none,1,0
44,44.58,two-year,dsl,1,0
20,55.25,month-to-month,fiber,0,1
30,124.05,month-to-month,fiber,0,1
8,63.67,two-year,fiber,0,0
71,51.5,month-to-month,fiber,0,0
17,98.81,two-year,none,1,0
22,46.31,one-year,fiber,0,0
36,58.81,two-year,fiber,0,0
48,101.23,one-year,none,1,0
36,71.07,two-year,fiber,1,0
36,30.96,one-year,fiber,0,0
41,83.6,month-to-month,dsl,0,0
61,60.09,month-to-month,fiber,0,0
28,108.5,month-to-month,fiber,1,1
59,54.85,month-to-month,none,0,0
56,96.28,two-year,none,0,0
69,114.39,month-to-month,dsl,1,0
65,48.73,one-year,dsl,0,0
57,65.17,month-to-month,fiber,0,0
17,79.72,month-to-month,none,1,0
55,48.57,two-year,dsl,1,0
53,76.76,month-to-month,fiber,0,0
20,64.38,one-year,fiber,1,0
48,63.87,month-to-month,dsl,0,0
18,71.22,month-to-month,fiber,0,0
37,71.78,month-to-month,fiber,0,0
57,74.1,one-year,fiber,0,0
13,55.03,month-to-month,dsl,0,1
24,56.12,two-year,fiber,0,0
57,67.04,one-year,dsl,0,0
32,68.88,month-to-month,fiber,1,0
69,59.03,month-to-month,dsl,0,0
0,78.1,month-to-month,fiber,0,1
51,24.63,one-year,fiber,0,0
58,51.74,month-to-month,dsl,1,0
66,63.0,month-to-month,dsl,0,0
11,48.6,month-to-month,fiber,0,1
70,110.73,month-to-month,dsl,1,0
28,70.47,one-year,none,0,0
25,74.42,month-to-month,fiber,1,0
25,57.92,month-to-month,dsl,0,0
45,69.61,month-to-month,fiber,1,0
47,39.62,one-year,none,0,0
34,65.75,one-year,fiber,1,0
5,46.57,month-to-month,none,0,1
71,63.06,month-to-month,dsl,0,1
15,15.0,one-year,dsl,1,0
6,41.8,month-to-month,fiber,0,1
43,106.6,one-year,dsl,0,0
29,90.76,month-to-month,fiber,0,1
44,102.98,month-to-month,fiber,0,1
63,104.69,month-to-month,fiber,0,1
7,86.82,month-to-month,dsl,0,0
20,58.68,one-year,dsl,0,0
37,44.07,month-to-month,none,0,1
56,98.67,month-to-month,fiber,1,0
43,71.61,month-to-month,none,0,0
27,130.0,month-to-month,none,0,1
43,60.87,one-year,none,0,0
70,119.32,one-year,dsl,0,0
34,66.08,two-year,fiber,0,0
63,103.4,month-to-month,none,0,0
56,112.42,month-to-month,dsl,0,0
21,44.43,month-to-month,dsl,1,0
17,57.88,two-year,fiber,0,0
55,44.18,month-to-month,fiber,0,0
14,39.25,month-to-month,fiber,0,1
24,86.68,one-year,dsl,0,0
16,65.08,month-to-month,fiber,1,0
43,71.31,month-to-month,none,1,0
21,83.91,month-to-month,fiber,1,0
47,23.57,one-year,fiber,0,0
67,102.17,one-year,fiber,0,0
59,61.27,month-to-month,fiber,1,0
68,83.31,one-year,fiber,1,0
1,85.52,month-to-month,dsl,0,1
32,104.27,month-to-month,none,0,0
15,67.38,two-year,fiber,0,1
66,16.91,one-year,fiber,0,0
51,71.43,two-year,dsl,0,0
23,75.02,one-year,fiber,0,0
40,44.14,month-to-month,dsl,1,1
43,73.69,month-to-month,dsl,0,1
35,60.97,month-to-month,none,1,0
34,36.43,month-to-month,fiber,0,0
3,86.79,month-to-month,none,1,0
32,55.91,month-to-month,none,1,0
25,59.84,month-to-month,fiber,0,1
58,58.44,two-year,dsl,0,0
62,100.89,month-to-month,fiber,0,0
54,68.98,month-to-month,fiber,0,0
2,71.98,one-year,none,1,0
60,58.98,one-year,fiber,1,0
28,81.57,month-to-month,fiber,1,0
29,103.73,one-year,fiber,0,0
68,86.2,one-year,dsl,1,0
62,87.17,two-year,none,1,0
3,85.16,month-to-month,dsl,0,1
25,35.49,month-to-month,dsl,1,0
53,48.1,one-year,fiber,0,0
38,64.88,month-to-month,dsl,0,0
18,51.85,one-year,fiber,1,0
37,43.39,one-year,dsl,0,0
62,23.2,one-year,dsl,0,0
16,36.34,two-year,none,0,0
53,63.59,one-year,dsl,1,0
52,68.26,two-year,dsl,0,0
63,50.17,one-year,fiber,0,0
21,71.97,month-to-month,fiber,0,1
15,59.15,one-year,dsl,0,0
39,97.26,one-year,dsl,0,0
38,65.96,two-year,dsl,1,0
29,87.41,month-to-month,dsl,1,1
56,75.08,month-to-month,fiber,1,0
57,34.95,two-year,fiber,1,0
17,67.73,month-to-month,fiber,0,1
57,39.11,one-year,dsl,0,0
16,67.3,month-to-month,none,0,1
29,51.37,month-to-month,dsl,0,0
1,79.55,month-to-month,dsl,1,1
24,36.44,two-year,dsl,0,0
69,70.37,month-to-month,fiber,1,0
31,84.31,one-year,fiber,0,0
51,92.69,one-year,fiber,0,0
7,50.9,one-year,none,1,0
45,70.44,month-to-month,fiber,0,1
26,74.6,month-to-month,dsl,0,0
53,108.68,two-year,fiber,0,0
66,32.97,month-to-month,dsl,0,0
38,47.22,month-to-month,fiber,0,0
7,130.0,two-year,none,1,0
34,63.17,month-to-month,fiber,1,0
8,22.73,month-to-month,none,1,0
32,55.44,two-year,dsl,1,0
4,15.0,month-to-month,fiber,0,0
46,76.02,month-to-month,dsl,1,0
22,90.24,month-to-month,dsl,0,1
14,47.21,one-year,fiber,0,0
1,58.23,two-year,dsl,1,1
63,93.09,one-year,dsl,0,0
60,26.24,two-year,dsl,0,0
58,36.96,month-to-month,dsl,1,0
4,64.3,one-year,dsl,0,1
25,51.19,month-to-month,fiber,0,1
69,62.65,two-year,fiber,0,0
41,38.41,two-year,fiber,0,0
9,75.36,month-to-month,dsl,0,0
10,66.27,two-year,fiber,0,0
18,83.73,one-year,fiber,0,0
70,75.01,month-to-month,dsl,0,0
12,75.17,one-year,fiber,0,0
65,33.84,two-year,fiber,0,0
48,82.31,month-to-month,none,0,0
66,61.73,month-to-month,dsl,0,0
59,65.84,two-year,dsl,0,0
23,96.21,month-to-month,fiber,0,0
59,52.01,month-to-month,dsl,1,1
12,103.78,one-year,none,0,1
20,106.11,one-year,fiber,0,0
15,88.82,month-to-month,fiber,0,1
9,45.48,month-to-month,fiber,1,1
6,15.34,two-year,none,0,0
13,96.97,month-to-month,fiber,1,0
8,72.78,one-year,dsl,1,0
27,51.37,two-year,dsl,0,0
5,99.34,month-to-month,none,0,1
4,48.46,two-year,fiber,1,0
71,59.4,one-year,dsl,0,0
6,83.12,two-year,none,0,0
5,42.16,month-to-month,fiber,0,0
2,67.26,month-to-month,dsl,0,1
9,97.23,one-year,fiber,1,1
38,75.28,two-year,fiber,0,0
59,101.19,two-year,fiber,0,0
52,98.34,month-to-month,fiber,0,0
41,70.19,month-to-month,fiber,1,0
6,15.0,month-to-month,dsl,0,0
55,42.36,one-year,dsl,1,0
2,89.08,two-year,fiber,0,0
45,31.24,one-year,dsl,1,0
29,61.83,month-to-month,none,0,0
63,78.46,two-year,fiber,0,0
22,106.74,month-to-month,fiber,1,1
45,55.62,month-to-month,fiber,1,0
31,53.91,one-year,none,0,0
37,68.69,month-to-month,none,1,0
67,78.77,one-year,dsl,0,0
51,66.14,one-year,fiber,1,0
29,96.23,month-to-month,dsl,1,0
32,50.02,month-to-month,dsl,1,0
50,73.0,month-to-month,fiber,0,0
24,81.13,one-year,fiber,1,0
12,59.99,month-to-month,fiber,1,0
33,90.99,month-to-month,dsl,0,1
4,73.72,month-to-month,none,1,0
12,89.72,one-year,fiber,0,1
30,74.85,month-to-month,none,0,0
57,79.41,month-to-month,dsl,1,0
56,54.19,month-to-month,dsl,0,0
18,54.23,month-to-month,none,1,0
30,100.61,month-to-month,dsl,0,1
11,85.89,month-to-month,fiber,0,1
54,44.43,one-year,fiber,1,0
17,74.52,month-to-month,none,1,1
57,15.0,month-to-month,dsl,1,0
60,55.65,two-year,fiber,0,0
49,94.03,month-to-month,dsl,0,0
23,66.87,month-to-month,fiber,1,0
68,72.95,month-to-month,fiber,1,0
49,15.0,month-to-month,none,1,0
46,60.19,month-to-month,fiber,0,0
61,78.46,two-year,fiber,0,0
63,81.63,month-to-month,fiber,0,0
5,94.06,one-year,none,0,1
63,64.74,two-year,fiber,0,0
55,65.86,month-to-month,fiber,0,0
14,36.7,one-year,fiber,1,0
22,64.89,month-to-month,fiber,0,1
54,38.46,month-to-month,fiber,0,0
15,23.8,two-year,fiber,1,0
32,42.87,month-to-month,fiber,0,0
49,107.72,two-year,dsl,1,0
46,63.24,one-year,fiber,1,0
65,75.5,month-to-month,fiber,1,0
8,57.16,month-to-month,dsl,1,0
21,25.24,one-year,fiber,1,0
70,93.4,month-to-month,fiber,0,0
40,15.7,month-to-month,none,1,0
17,56.13,month-to-month,dsl,1,0
20,68.63,month-to-month,dsl,0,1
24,75.76,two-year,dsl,1,0
39,51.84,month-to-month,none,0,0
20,24.05,month-to-month,fiber,0,1
44,49.97,one-year,fiber,0,0
32,51.28,one-year,none,1,0
43,50.67,two-year,fiber,0,0
11,94.25,two-year,dsl,0,0
44,39.66,month-to-month,fiber,0,0
66,77.52,month-to-month,fiber,1,0
9,73.96,one-year,dsl,1,0
23,94.01,month-to-month,dsl,0,1
49,66.67,one-year,dsl,0,0
44,89.78,month-to-month,fiber,1,0
48,65.69,two-year,fiber,0,0
40,80.86,one-year,dsl,0,0
49,32.43,one-year,fiber,1,0
43,15.0,month-to-month,dsl,1,0
5,79.44,two-year,dsl,0,0
54,80.78,one-year,fiber,0,0
32,81.89,two-year,fiber,0,0
3,56.88,two-year,dsl,1,0
29,107.24,month-to-month,fiber,1,0
31,58.5,month-to-month,fiber,0,0
6,80.52,month-to-month,none,1,1
71,84.87,one-year,fiber,0,0
16,112.97,one-year,dsl,1,0
23,62.07,month-to-month,fiber,1,0
31,53.67,two-year,fiber,1,0
59,32.55,month-to-month,dsl,1,0
53,108.81,one-year,fiber,0,0
55,80.54,month-to-month,dsl,0,0
17,81.33,month-to-month,fiber,0,0
60,130.0,month-to-month,dsl,1,0
59,78.13,one-year,dsl,0,0
33,37.44,one-year,dsl,0,0
39,65.1,month-to-month,dsl,0,0
2,45.63,month-to-month,fiber,0,1
54,60.1,one-year,fiber,0,0
69,59.94,month-to-month,none,0,0
34,55.32,one-year,dsl,0,0
38,35.17,month-to-month,dsl,0,0
35,109.81,two-year,fiber,0,0
5,77.47,one-year,fiber,1,1
44,64.36,month-to-month,fiber,1,0
51,88.94,one-year,fiber,1,0
66,81.78,month-to-month,fiber,1,0
66,76.89,two-year,fiber,0,0
35,87.12,one-year,fiber,1,0
69,73.35,month-to-month,dsl,0,0
38,86.76,one-year,dsl,0,0
46,88.83,month-to-month,fiber,0,1
43,74.07,two-year,dsl,1,0
71,64.49,two-year,dsl,0,0
53,108.26,one-year,fiber,0,0
8,58.05,month-to-month,dsl,1,0
5,79.78,one-year,dsl,0,0
29,80.35,month-to-month,dsl,1,0
37,54.76,month-to-month,none,1,0
48,49.8,two-year,fiber,0,0
34,61.15,month-to-month,dsl,0,0
37,57.69,month-to-month,fiber,0,1
66,33.55,month-to-month,fiber,1,0
24,53.71,two-year,fiber,1,0
35,76.66,two-year,fiber,1,0
40,101.65,month-to-month,fiber,0,1
33,83.86,month-to-month,dsl,0,1
69,15.0,two-year,fiber,1,0
69,86.03,month-to-month,fiber,1,0
36,56.05,two-year,fiber,0,0
32,81.33,two-year,fiber,0,0
42,69.65,one-year,dsl,0,0
13,65.18,month-to-month,dsl,0,0
30,67.44,one-year,dsl,1,0
15,69.44,two-year,none,1,0
10,103.61,month-to-month,fiber,0,1
6,69.51,two-year,fiber,0,0
42,97.14,month-to-month,none,0,1
0,93.5,two-year,dsl,0,0
46,86.68,one-year,none,0,0
31,25.33,month-to-month,dsl,0,0
26,97.92,month-to-month,dsl,0,1
55,58.55,month-to-month,fiber,1,0
38,87.89,month-to-month,fiber,1,0
52,45.69,two-year,dsl,1,0
51,40.37,month-to-month,dsl,0,0
2,119.41,two-year,dsl,0,0
15,46.08,month-to-month,none,0,0
41,98.65,one-year,fiber,0,0
70,72.96,two-year,fiber,0,0
11,59.5,one-year,none,0,1
7,68.88,two-year,none,1,0
67,37.47,two-year,none,1,0
69,69.66,one-year,dsl,1,0
12,42.93,one-year,none,1,0
28,60.11,month-to-month,fiber,1,0
45,93.13,month-to-month,fiber,1,0
14,76.35,month-to-month,fiber,1,1
23,32.95,two-year,fiber,0,0
28,91.29,one-year,none,1,0
46,69.82,one-year,dsl,1,0
22,56.45,two-year,dsl,0,0
29,88.67,month-to-month,fiber,0,1
20,65.82,two-year,dsl,1,0
54,40.86,month-to-month,fiber,1,0
11,116.2,month-to-month,dsl,0,1
16,69.57,one-year,fiber,0,1
17,67.97,month-to-month,dsl,0,1
65,59.87,one-year,fiber,0,0
68,99.5,one-year,dsl,0,0
36,56.88,two-year,dsl,0,0
11,31.38,month-to-month,none,0,0
54,53.03,month-to-month,none,0,0
35,103.17,month-to-month,fiber,1,0
61,90.8,month-to-month,fiber,0,0
25,63.62,month-to-month,fiber,0,1
71,104.33,month-to-month,fiber,0,0
58,88.7,two-year,fiber,1,0
16,63.34,two-year,none,0,0
52,65.85,two-year,none,0,0
20,78.23,month-to-month,fiber,0,0
25,49.2,one-year,dsl,0,0
18,70.11,month-to-month,none,1,0
49,77.71,month-to-month,fiber,0,0
18,27.83,month-to-month,none,0,0
45,65.27,two-year,none,0,0
41,62.42,one-year,none,0,0
54,95.7,month-to-month,dsl,1,0
71,23.89,one-year,fiber,1,0
0,60.46,two-year,fiber,1,0
71,57.96,month-to-month,none,0,0
7,94.0,two-year,fiber,0,0
37,68.91,month-to-month,fiber,1,0
24,114.9,month-to-month,fiber,0,0
46,86.56,two-year,dsl,1,0
51,59.74,month-to-month,fiber,1,0
61,75.99,one-year,none,0,0
28,61.15,month-to-month,dsl,1,0
67,91.48,one-year,fiber,0,0
23,36.7,one-year,fiber,1,0
14,49.41,two-year,dsl,0,0
27,81.39,two-year,dsl,0,0
38,100.64,one-year,none,0,0
48,15.0,month-to-month,none,0,0
59,104.36,month-to-month,fiber,1,0
16,66.5,one-year,none,0,0
21,22.9,month-to-month,dsl,0,0
67,15.0,month-to-month,dsl,0,0
31,31.77,two-year,dsl,1,0
17,69.51,month-to-month,fiber,0,1
70,68.35,month-to-month,dsl,0,0
32,85.83,two-year,dsl,1,0
70,56.26,one-year,fiber,1,0
66,42.3,one-year,dsl,1,0
65,59.67,month-to-month,fiber,1,0
41,70.84,month-to-month,dsl,0,0
57,75.77,one-year,none,1,0
69,50.27,month-to-month,fiber,0,0
19,92.54,one-year,fiber,0,0
2,54.47,month-to-month,dsl,0,1
23,48.26,month-to-month,fiber,0,0
45,56.44,month-to-month,fiber,0,0
39,96.87,month-to-month,dsl,0,0
5,66.68,month-to-month,fiber,1,0
40,52.64,one-year,dsl,1,0
12,93.15,one-year,fiber,0,1
36,123.57,month-to-month,fiber,0,1
41,75.24,one-year,fiber,0,0
45,100.85,month-to-month,none,0,0
29,95.9,month-to-month,dsl,1,1
29,54.86,two-year,fiber,0,0
48,70.67,one-year,fiber,0,0
53,37.94,one-year,dsl,0,0
58,64.88,month-to-month,dsl,0,0
24,54.35,month-to-month,fiber,0,0
30,59.93,one-year,fiber,1,0
23,51.25,one-year,dsl,1,0
37,62.82,one-year,dsl,0,0
9,83.31,two-year,none,1,0
30,67.01,month-to-month,dsl,1,0
13,23.39,two-year,dsl,0,0
38,51.35,one-year,dsl,1,0
61,32.02,month-to-month,dsl,1,0
70,76.1,month-to-month,dsl,1,0
32,82.58,one-year,fiber,0,0
4,76.41,month-to-month,none,1,0
16,50.31,one-year,fiber,1,0
7,76.17,one-year,dsl,1,0
54,58.25,month-to-month,dsl,0,0
70,41.54,month-to-month,none,0,0
39,88.55,one-year,fiber,1,0
12,90.45,month-to-month,none,1,1
1,93.72,two-year,fiber,1,0
70,54.79,month-to-month,fiber,0,0
22,99.48,two-year,none,0,0
8,57.66,month-to-month,fiber,1,1
12,86.34,month-to-month,dsl,1,0
18,57.23,one-year,dsl,0,1
47,64.4,month-to-month,none,1,0
64,15.0,month-to-month,dsl,0,0
19,62.45,month-to-month,fiber,0,1
49,72.28,one-year,none,0,0
4,59.75,one-year,fiber,0,1
0,113.9,month-to-month,dsl,1,1
3,40.94,month-to-month,dsl,0,1
66,55.91,month-to-month,dsl,1,0
41,47.38,two-year,dsl,0,0
57,55.91,month-to-month,none,1,0
1,95.79,one-year,dsl,0,1
1,106.95,month-to-month,none,0,1
61,52.48,one-year,fiber,0,0
7,51.92,two-year,fiber,1,1
11,41.07,month-to-month,dsl,1,0
37,102.66,one-year,fiber,0,0
43,98.03,month-to-month,fiber,0,1
16,67.35,one-year,dsl,0,0
32,35.1,month-to-month,dsl,0,0
48,37.33,month-to-month,fiber,0,0
31,74.27,month-to-month,fiber,1,1
27,83.73,month-to-month,fiber,1,0
5,18.35,two-year,fiber,0,0
32,61.97,one-year,fiber,1,0
57,110.46,month-to-month,none,1,0
45,64.56,month-to-month,fiber,0,1
64,107.24,one-year,none,1,0
9,86.23,month-to-month,none,0,1
0,42.89,month-to-month,fiber,0,1
39,62.68,one-year,none,0,1
12,66.78,month-to-month,fiber,0,1
42,46.19,month-to-month,dsl,0,0
65,45.75,month-to-month,none,1,0
24,107.67,month-to-month,none,0,1
39,45.57,one-year,fiber,0,0
49,96.96,one-year,fiber,1,0
10,59.09,two-year,fiber,1,0
64,69.36,month-to-month,none,1,0
14,84.05,one-year,fiber,1,0
58,55.04,two-year,dsl,1,0
47,84.2,one-year,fiber,1,0
10,18.84,two-year,fiber,0,0
52,80.99,two-year,fiber,0,0
14,15.0,two-year,fiber,0,0
43,64.33,two-year,dsl,0,0
69,91.36,one-year,fiber,0,0
68,85.56,month-to-month,fiber,0,0
62,37.54,two-year,dsl,0,0
35,40.76,two-year,fiber,0,0
40,52.78,month-to-month,dsl,0,0
21,74.66,month-to-month,dsl,0,0
66,19.2,month-to-month,dsl,1,0
34,69.67,two-year,fiber,0,0
55,77.79,month-to-month,fiber,0,0
25,62.92,month-to-month,none,0,0
53,83.13,month-to-month,none,1,0
16,75.59,month-to-month,fiber,1,0
52,56.46,two-year,fiber,0,0
3,21.6,month-to-month,fiber,1,0
7,73.34,month-to-month,dsl,1,0
25,46.17,month-to-month,fiber,1,0
34,55.54,one-year,none,1,0
51,81.98,one-year,fiber,0,0
25,105.43,month-to-month,none,0,1
1,69.05,month-to-month,fiber,0,1
23,83.85,two-year,fiber,0,0
31,33.89,one-year,fiber,0,0
39,76.14,one-year,fiber,1,0
46,68.5,month-to-month,none,0,0
17,100.73,two-year,dsl,0,0
43,56.49,one-year,fiber,1,0
45,63.96,month-to-month,none,0,0
55,96.47,two-year,fiber,0,0
37,67.7,two-year,fiber,0,0
58,42.28,one-year,fiber,0,0
15,130.0,one-year,dsl,0,0
51,43.04,month-to-month,none,0,0
3,68.38,month-to-month,fiber,0,1
7,78.67,month-to-month,dsl,0,1
62,76.69,one-year,fiber,1,0
34,65.26,month-to-month,fiber,0,1
44,65.38,month-to-month,dsl,0,0
43,64.13,two-year,dsl,0,0
50,42.1,month-to-month,dsl,1,0
17,123.76,two-year,fiber,1,0
12,64.5,month-to-month,fiber,0,0
3,84.92,month-to-month,dsl,1,1
62,61.63,month-to-month,dsl,0,0
16,61.13,month-to-month,fiber,1,1
41,58.61,month-to-month,fiber,1,0
32,31.25,month-to-month,dsl,0,0
11,65.98,one-year,fiber,0,0
29,59.82,month-to-month,dsl,0,0
5,99.29,month-to-month,dsl,1,0
12,40.08,month-to-month,fiber,0,1
10,55.57,month-to-month,dsl,0,0
59,47.54,month-to-month,dsl,1,0
40,106.06,month-to-month,dsl,0,0
66,48.26,one-year,none,1,0
31,84.06,one-year,dsl,0,0
14,94.25,two-year,fiber,1,0
43,66.35,one-year,fiber,1,0
66,35.58,month-to-month,dsl,0,0
38,35.9,month-to-month,fiber,0,0
1,91.49,month-to-month,dsl,0,1
21,38.49,one-year,fiber,1,0
66,79.8,month-to-month,fiber,0,0
37,72.86,month-to-month,fiber,1,0
68,79.43,two-year,none,1,0
36,81.79,month-to-month,dsl,1,0
0,46.66,month-to-month,dsl,0,1
62,45.61,two-year,fiber,0,0
54,87.87,month-to-month,none,0,0
51,54.27,month-to-month,none,0,0
69,15.0,month-to-month,fiber,0,0
14,86.22,month-to-month,dsl,0,1
65,44.09,two-year,none,1,0
16,81.68,one-year,fiber,0,0
69,104.82,month-to-month,fiber,0,0
13,70.42,month-to-month,dsl,0,0
39,94.89,month-to-month,fiber,1,1
56,73.84,one-year,dsl,1,0
5,109.69,month-to-month,dsl,0,0
4,43.45,month-to-month,fiber,0,1
61,69.79,one-year,fiber,0,0
4,86.83,two-year,dsl,1,0
44,65.24,two-year,fiber,0,0
67,98.81,two-year,fiber,0,0
44,59.2,month-to-month,fiber,1,0
34,121.73,one-year,none,0,0
30,123.05,two-year,fiber,0,0
45,77.05,month-to-month,fiber,0,0
41,83.82,month-to-month,dsl,1,1
36,99.79,month-to-month,fiber,0,0
11,40.32,two-year,dsl,1,0
47,37.2,two-year,fiber,1,0
53,101.41,two-year,none,1,0
51,76.85,month-to-month,fiber,0,1
5,64.34,two-year,fiber,0,0
50,70.28,month-to-month,fiber,1,0
52,15.0,month-to-month,none,1,0
13,65.24,one-year,none,1,0
61,51.17,one-year,fiber,1,0
37,92.95,two-year,fiber,1,0
34,94.88,month-to-month,fiber,0,0
52,84.42,month-to-month,fiber,0,1
36,79.89,month-to-month,fiber,0,0
39,32.57,month-to-month,none,0,0
22,84.77,two-year,fiber,0,0
66,85.73,month-to-month,none,0,0
69,101.13,month-to-month,fiber,0,0
9,122.96,month-to-month,none,0,1
52,27.69,one-year,fiber,1,0
1,60.29,two-year,fiber,1,1
26,51.44,month-to-month,dsl,0,0
69,74.31,month-to-month,fiber,1,0
12,70.34,two-year,none,0,0
27,64.15,one-year,dsl,0,0
15,95.69,month-to-month,none,0,1
52,42.46,month-to-month,none,0,0
33,43.97,two-year,fiber,0,0
42,44.39,one-year,fiber,1,0
67,60.99,month-to-month,dsl,0,0
37,39.29,month-to-month,fiber,1,0
52,68.79,month-to-month,dsl,0,0
7,65.86,month-to-month,fiber,0,1
15,50.34,month-to-month,dsl,1,1
68,91.84,month-to-month,fiber,1,0
61,68.51,month-to-month,fiber,0,0
47,96.57,month-to-month,none,1,0
27,65.12,month-to-month,none,0,0
14,69.4,month-to-month,fiber,1,1
61,55.93,two-year,fiber,1,0
56,69.82,month-to-month,dsl,0,0
17,87.81,two-year,fiber,0,0
42,59.72,two-year,dsl,1,0
44,82.96,two-year,dsl,0,0
34,49.68,month-to-month,fiber,1,0
66,88.98,month-to-month,fiber,0,0
8,55.5,one-year,fiber,0,0
18,91.29,month-to-month,fiber,0,1
6,71.52,month-to-month,dsl,1,0
49,108.02,month-to-month,fiber,0,0
46,41.15,one-year,none,0,0
71,33.1,two-year,dsl,0,0
39,54.59,month-to-month,fiber,1,1
10,35.38,two-year,dsl,0,0
32,35.43,one-year,fiber,0,1
6,85.54,month-to-month,fiber,0,1
48,69.9,month-to-month,dsl,0,0
48,58.01,month-to-month,fiber,0,1
61,60.33,two-year,fiber,0,0
24,55.07,one-year,fiber,1,0
22,111.26,one-year,fiber,1,0
5,51.61,one-year,dsl,0,0
29,36.95,month-to-month,none,0,0
34,89.9,two-year,dsl,1,0
54,64.61,two-year,none,0,0
54,120.97,one-year,dsl,0,0
10,56.84,month-to-month,fiber,1,1
20,91.15,month-to-month,none,0,1
36,97.05,month-to-month,fiber,0,1
24,56.97,month-to-month,fiber,1,1
1,51.43,one-year,none,0,0
60,88.53,one-year,dsl,1,0
52,84.37,two-year,none,0,0
37,34.73,month-to-month,fiber,0,0
22,41.79,month-to-month,dsl,1,0
60,15.0,month-to-month,fiber,1,0
2,84.88,two-year,fiber,1,0
32,63.45,one-year,none,0,1
57,65.95,month-to-month,fiber,1,0
68,27.71,one-year,dsl,0,1
18,42.55,one-year,none,0,0
46,58.05,month-to-month,none,1,0
13,53.19,month-to-month,fiber,0,0
8,72.95,month-to-month,fiber,0,0
25,84.59,month-to-month,none,1,1
63,126.74,one-year,dsl,1,0
49,69.5,month-to-month,dsl,0,0
35,97.89,one-year,fiber,0,0
20,49.25,one-year,fiber,1,0
10,28.13,month-to-month,none,0,0
19,61.19,two-year,dsl,0,0
10,30.06,month-to-month,dsl,0,0
13,70.37,one-year,fiber,0,0
49,50.49,month-to-month,fiber,0,0
9,21.14,one-year,dsl,1,0
3,113.4,month-to-month,none,1,1
39,56.56,month-to-month,fiber,0,0
20,29.06,month-to-month,fiber,0,0
32,92.45,one-year,dsl,1,0
10,51.78,one-year,fiber,0,1
15,97.25,one-year,fiber,1,0
31,51.67,month-to-month,dsl,0,0
49,56.48,one-year,fiber,1,0
29,78.62,one-year,dsl,0,0
39,84.83,month-to-month,fiber,1,0
37,89.21,month-to-month,dsl,1,1
19,67.76,month-to-month,none,0,1
20,83.22,two-year,none,1,0
30,88.64,month-to-month,dsl,0,1
2,75.01,month-to-month,dsl,0,1
49,66.43,two-year,fiber,1,0
44,33.87,two-year,fiber,1,0
22,84.98,month-to-month,fiber,0,1
26,71.05,two-year,dsl,0,0
23,59.66,month-to-month,fiber,0,0
46,101.94,two-year,fiber,0,0
54,34.3,month-to-month,dsl,0,0
7,111.1,month-to-month,dsl,0,1
29,69.44,two-year,fiber,0,0
0,77.94,month-to-month,fiber,1,1
32,60.12,two-year,dsl,1,0
17,28.32,month-to-month,none,1,0
24,66.51,month-to-month,dsl,0,0
32,78.37,two-year,fiber,0,0
23,86.91,month-to-month,none,0,1
28,65.05,two-year,fiber,0,0
55,15.19,two-year,fiber,0,0
58,31.46,month-to-month,fiber,0,0
0,121.3,month-to-month,fiber,1,1
27,42.69,month-to-month,dsl,1,0
60,105.68,month-to-month,dsl,0,1
38,46.65,month-to-month,none,0,0
14,65.44,month-to-month,dsl,1,0
42,85.63,two-year,fiber,1,0
10,49.5,month-to-month,dsl,0,0
1,109.81,one-year,dsl,1,1
45,71.89,month-to-month,dsl,0,0
37,81.52,month-to-month,fiber,1,0
54,63.31,month-to-month,dsl,1,0
24,86.47,month-to-month,dsl,0,0
61,109.47,one-year,fiber,0,0
30,66.72,month-to-month,none,1,0
53,113.24,two-year,fiber,0,1
7,54.71,two-year,fiber,1,0
6,89.1,month-to-month,dsl,0,1
56,82.23,two-year,none,1,0
60,43.29,two-year,dsl,1,0
67,75.35,month-to-month,dsl,1,0
23,70.18,two-year,none,0,0
1,48.67,month-to-month,fiber,0,1
70,78.95,one-year,fiber,0,0
43,73.66,month-to-month,dsl,0,0
17,68.19,two-year,fiber,0,0
54,68.29,two-year,dsl,0,0
65,67.75,two-year,none,1,0
20,60.81,two-year,fiber,1,0
55,73.5,month-to-month,fiber,1,0
56,53.9,one-year,fiber,1,0
36,130.0,month-to-month,dsl,1,0
45,34.77,month-to-month,dsl,0,0
19,55.38,month-to-month,none,0,1
66,57.36,two-year,dsl,1,0
70,121.01,one-year,none,1,0
70,37.0,month-to-month,fiber,1,0
53,80.65,two-year,fiber,0,0
3,76.21,two-year,fiber,1,0
26,78.34,month-to-month,dsl,0,0
32,100.91,month-to-month,fiber,0,0
69,100.4,one-year,fiber,0,0
39,58.73,one-year,fiber,0,0
38,74.85,month-to-month,fiber,0,0
10,23.4,month-to-month,dsl,1,0
57,72.48,month-to-month,none,0,0
24,50.15,month-to-month,fiber,1,0
6,65.34,month-to-month,dsl,0,0
71,27.87,month-to-month,fiber,0,0
13,80.12,month-to-month,fiber,0,0
1,27.59,one-year,fiber,0,0
5,73.71,month-to-month,dsl,0,1
32,39.34,month-to-month,dsl,0,0
7,48.76,month-to-month,dsl,0,1
60,98.87,two-year,none,0,0
36,84.7,month-to-month,fiber,0,0
23,98.73,month-to-month,dsl,0,0
0,108.99,month-to-month,dsl,0,0
34,50.68,one-year,fiber,0,0
10,107.47,month-to-month,fiber,0,1
70,33.36,month-to-month,fiber,1,0
20,88.65,two-year,fiber,0,0
34,57.67,one-year,fiber,1,0
1,46.74,month-to-month,fiber,1,1
9,85.36,month-to-month,none,0,1
14,93.62,two-year,none,1,0
3,92.88,two-year,dsl,1,1
52,75.37,one-year,dsl,1,0
68,73.3,one-year,none,1,0
70,83.17,two-year,fiber,0,0
19,77.59,two-year,dsl,0,0
56,83.53,month-to-month,dsl,0,0
36,75.1,two-year,none,1,0
3,91.07,one-year,dsl,0,1
6,29.32,one-year,fiber,0,0
39,66.72,month-to-month,dsl,1,0
30,35.4,month-to-month,fiber,0,0
0,76.92,two-year,fiber,0,0
66,111.05,one-year,dsl,0,0
52,58.15,month-to-month,dsl,0,0
36,73.18,one-year,fiber,0,0
71,88.91,month-to-month,fiber,0,0
69,18.31,month-to-month,dsl,1,0
70,56.95,one-year,fiber,0,0
18,79.11,one-year,none,0,0
63,15.0,month-to-month,dsl,1,0
36,45.58,month-to-month,dsl,0,0
52,97.52,month-to-month,fiber,0,0
61,95.07,one-year,none,0,0
11,79.36,two-year,none,1,0
32,92.05,one-year,fiber,0,0
9,75.38,one-year,dsl,1,0
20,83.88,month-to-month,dsl,1,0
29,62.11,month-to-month,fiber,1,0
61,72.9,two-year,dsl,0,0
62,54.19,month-to-month,none,1,0
28,101.59,month-to-month,dsl,0,1
23,108.04,month-to-month,none,0,1
38,104.5,one-year,fiber,0,1
65,59.8,month-to-month,none,0,0
70,46.16,month-to-month,none,1,0
16,101.92,one-year,fiber,0,0
13,83.6,month-to-month,fiber,0,1
50,78.21,month-to-month,dsl,0,0
21,54.16,two-year,none,0,0
14,80.64,two-year,fiber,1,0
2,42.87,month-to-month,fiber,0,1
29,85.85,month-to-month,dsl,1,0
28,104.47,month-to-month,fiber,0,1
40,110.78,month-to-month,dsl,1,0
14,87.71,two-year,dsl,1,0
51,35.45,one-year,none,0,0
48,74.93,month-to-month,fiber,1,0
33,123.49,one-year,none,0,1
13,48.28,month-to-month,dsl,0,1
36,68.52,month-to-month,none,0,0
48,105.34,two-year,fiber,0,0
26,85.43,month-to-month,dsl,1,0
18,130.0,month-to-month,none,1,1
36,51.68,two-year,dsl,0,0
25,45.26,month-to-month,fiber,1,1
28,100.6,month-to-month,dsl,0,1
25,40.1,month-to-month,fiber,0,0
21,65.08,month-to-month,fiber,1,0
51,68.36,month-to-month,dsl,0,0
33,95.9,month-to-month,none,1,1
33,85.36,month-to-month,dsl,0,1
47,81.43,month-to-month,fiber,0,0
26,59.94,one-year,fiber,0,0
7,100.38,two-year,fiber,0,0
61,130.0,one-year,fiber,0,0
4,87.28,one-year,none,0,1
41,72.49,two-year,fiber,0,0
19,37.55,month-to-month,fiber,1,0
15,54.06,month-to-month,dsl,0,1
3,64.66,month-to-month,fiber,0,1
64,56.63,month-to-month,fiber,0,0
30,69.6,two-year,dsl,0,0
24,114.45,month-to-month,fiber,0,1
53,101.18,two-year,dsl,0,0
2,66.03,month-to-month,dsl,0,0
40,39.79,month-to-month,dsl,1,0
35,103.43,month-to-month,fiber,0,0
39,68.77,month-to-month,fiber,0,1
8,26.84,month-to-month,dsl,1,0
68,87.81,one-year,fiber,0,0
17,95.64,month-to-month,fiber,0,1
48,15.0,two-year,fiber,0,0
53,49.39,two-year,fiber,0,0
24,67.24,month-to-month,fiber,1,0
9,88.36,two-year,none,0,0
21,57.11,month-to-month,dsl,1,0
58,49.2,month-to-month,dsl,0,0
65,88.18,month-to-month,fiber,1,1
67,58.29,one-year,fiber,0,0
16,83.55,month-to-month,dsl,1,0
43,42.21,one-year,dsl,0,0
10,36.19,two-year,none,0,0
51,88.88,month-to-month,fiber,0,0
29,76.31,two-year,fiber,1,0
51,93.06,one-year,dsl,0,0
49,56.69,month-to-month,fiber,0,0
71,50.12,month-to-month,fiber,1,0
35,104.02,month-to-month,fiber,1,0
24,31.93,month-to-month,fiber,1,0
37,101.29,one-year,none,0,0
11,103.01,month-to-month,none,0,1
8,91.5,month-to-month,dsl,1,0
37,52.8,one-year,fiber,0,0
59,49.59,one-year,dsl,1,0
38,64.75,two-year,dsl,1,0
56,37.62,month-to-month,dsl,1,0
12,45.96,one-year,dsl,0,0
32,86.12,month-to-month,none,0,0
44,86.23,one-year,fiber,1,0
25,43.76,month-to-month,dsl,1,0
1,86.9,month-to-month,none,1,1
5,81.36,two-year,none,0,1
66,107.75,one-year,none,0,0
43,84.23,one-year,fiber,1,1
19,96.46,month-to-month,dsl,0,1
18,81.93,one-year,fiber,0,0
2,94.5,month-to-month,dsl,0,1
68,37.82,month-to-month,fiber,0,0
7,66.96,month-to-month,fiber,0,1
54,69.03,month-to-month,none,0,0
17,63.91,month-to-month,none,1,0
24,81.1,one-year,dsl,1,0
19,85.86,month-to-month,fiber,0,0
59,79.81,two-year,fiber,1,0
2,65.58,two-year,fiber,0,0
25,51.61,month-to-month,fiber,1,0
20,97.43,one-year,none,1,0
19,78.74,month-to-month,dsl,0,1
13,44.53,two-year,fiber,1,0
65,65.16,month-to-month,dsl,0,0
27,26.42,month-to-month,fiber,1,0
30,70.88,month-to-month,fiber,1,0
27,65.04,two-year,fiber,1,0
70,55.64,month-to-month,fiber,0,0
24,109.62,two-year,dsl,0,0
24,41.1,month-to-month,dsl,0,0
23,87.66,one-year,dsl,0,0
23,124.67,month-to-month,none,0,1
6,96.93,month-to-month,none,0,1
43,69.21,month-to-month,none,0,0
1,41.65,month-to-month,none,0,0
16,35.95,one-year,none,0,0
14,59.71,one-year,none,1,0
20,52.82,month-to-month,fiber,0,1
54,52.01,month-to-month,fiber,1,0
43,61.84,month-to-month,dsl,1,0
71,67.44,one-year,none,0,0
25,82.13,one-year,none,0,0
66,39.06,two-year,dsl,1,0
3,52.94,two-year,none,0,0
36,66.01,month-to-month,dsl,0,0
57,65.11,month-to-month,dsl,1,0
38,115.91,two-year,fiber,1,0
67,75.81,month-to-month,dsl,0,0
22,29.66,month-to-month,fiber,0,0
2,80.45,month-to-month,fiber,1,0
55,83.64,one-year,dsl,0,0
4,66.87,one-year,fiber,1,0
55,39.67,two-year,none,0,0
52,113.95,month-to-month,dsl,0,0
60,43.25,month-to-month,dsl,0,0
34,86.52,month-to-month,fiber,1,0
64,75.0,one-year,none,0,0
12,85.02,month-to-month,dsl,1,1
31,112.67,two-year,dsl,1,0
8,84.04,month-to-month,dsl,1,0
55,56.03,one-year,dsl,1,0
51,97.65,two-year,dsl,0,0
58,54.22,month-to-month,dsl,0,0
55,74.09,one-year,none,0,0
22,37.67,month-to-month,fiber,0,1
4,44.17,two-year,none,0,0
66,71.28,two-year,fiber,1,0
35,79.2,one-year,fiber,1,0
6,27.44,month-to-month,fiber,0,0
66,82.43,two-year,fiber,0,0
71,49.51,two-year,fiber,1,0
32,101.99,one-year,none,1,0
55,61.2,two-year,dsl,1,0
2,41.91,month-to-month,none,0,0
6,71.9,month-to-month,fiber,0,1
19,47.09,month-to-month,dsl,1,0
47,101.72,month-to-month,fiber,0,1
9,70.01,month-to-month,dsl,1,0
2,66.21,one-year,fiber,0,0
48,84.8,month-to-month,dsl,0,0
55,44.88,month-to-month,dsl,0,0
53,37.77,one-year,fiber,1,0
57,80.21,one-year,fiber,0,1
57,42.51,two-year,fiber,1,0
43,42.5,month-to-month,fiber,1,0
37,90.92,two-year,dsl,1,0
61,83.13,month-to-month,dsl,1,0
25,38.65,month-to-month,none,1,0
7,54.52,one-year,none,1,0
54,47.41,month-to-month,fiber,0,0
19,114.41,one-year,none,1,0
70,92.65,month-to-month,dsl,1,0
29,59.48,month-to-month,fiber,1,0
61,84.4,month-to-month,none,0,0
3,36.1,month-to-month,dsl,0,0
47,53.18,month-to-month,dsl,1,0
32,72.62,month-to-month,dsl,1,0
33,81.31,month-to-month,none,0,0
19,67.56,one-year,dsl,1,0
69,76.2,month-to-month,none,0,0
28,71.96,one-year,fiber,0,1
61,65.91,one-year,none,1,0
30,62.6,month-to-month,dsl,1,0
3,59.34,month-to-month,dsl,0,1
63,75.8,one-year,none,1,0
13,80.27,two-year,fiber,1,0
19,74.96,month-to-month,fiber,1,1
61,40.54,two-year,none,1,0
64,45.03,month-to-month,none,0,0
66,79.97,month-to-month,dsl,0,0
30,106.79,month-to-month,dsl,0,1
54,73.81,month-to-month,fiber,0,0
23,59.71,month-to-month,dsl,0,1
53,75.61,month-to-month,fiber,0,0
36,41.58,month-to-month,none,0,0
3,102.72,one-year,dsl,0,1
30,74.66,month-to-month,fiber,0,1
33,53.26,two-year,dsl,0,0
18,65.83,two-year,none,0,0
26,56.82,month-to-month,dsl,0,0
36,102.79,month-to-month,fiber,1,1
3,64.94,month-to-month,dsl,1,0
10,73.88,two-year,dsl,1,0
55,84.34,month-to-month,fiber,1,0
25,51.48,month-to-month,dsl,1,0
43,74.84,two-year,fiber,1,0
40,76.86,month-to-month,dsl,0,1
39,31.15,month-to-month,fiber,0,0
29,76.32,two-year,dsl,1,0
34,68.86,two-year,dsl,1,0
59,73.25,month-to-month,dsl,1,0
69,70.89,month-to-month,fiber,0,0
18,76.48,month-to-month,fiber,1,1
48,103.43,month-to-month,dsl,0,0
69,40.51,month-to-month,none,1,0
0,61.45,month-to-month,fiber,0,1
56,86.67,one-year,fiber,0,0
35,82.02,one-year,none,0,0
69,81.49,two-year,fiber,0,0
41,130.0,two-year,none,0,0
60,85.35,month-to-month,none,1,0
11,98.27,month-to-month,fiber,0,1
10,62.32,month-to-month,fiber,0,0
66,45.18,month-to-month,none,0,0
37,62.14,month-to-month,fiber,1,0
40,87.8,one-year,dsl,0,0
12,80.17,month-to-month,fiber,0,1
16,80.08,month-to-month,dsl,1,1
58,64.64,month-to-month,none,0,1
21,60.65,two-year,dsl,1,0
42,65.5,one-year,fiber,0,0
22,88.11,month-to-month,dsl,1,0
18,91.02,month-to-month,dsl,1,0
11,44.84,two-year,fiber,0,0
66,89.06,month-to-month,dsl,1,0
67,53.73,one-year,dsl,0,0
8,81.72,one-year,fiber,0,1
25,65.2,one-year,none,1,0
40,109.14,month-to-month,fiber,1,0
27,59.55,two-year,fiber,0,0
51,74.47,month-to-month,fiber,1,0
18,85.16,month-to-month,fiber,0,1
4,48.15,month-to-month,fiber,0,1
24,68.18,month-to-month,fiber,0,0
43,63.34,month-to-month,dsl,1,0
13,57.15,one-year,dsl,1,0
58,59.01,two-year,fiber,0,0
0,97.8,month-to-month,dsl,1,1
4,55.04,two-year,dsl,1,0
36,84.16,two-year,dsl,0,0
36,77.86,month-to-month,none,0,0
21,35.08,one-year,fiber,0,0
18,82.98,two-year,fiber,0,0
5,34.66,one-year,fiber,0,1
47,85.7,month-to-month,fiber,0,0
27,57.32,two-year,dsl,0,0
8,70.21,one-year,fiber,0,1
28,37.64,month-to-month,dsl,1,1
67,73.06,month-to-month,none,1,0
18,93.17,month-to-month,dsl,1,1
64,49.83,month-to-month,dsl,1,0
18,54.82,month-to-month,dsl,0,1
13,81.37,month-to-month,dsl,0,0
18,81.99,two-year,dsl,0,0
23,15.0,one-year,fiber,1,0
8,120.39,month-to-month,fiber,0,1
42,83.21,month-to-month,fiber,0,0
24,87.42,month-to-month,dsl,1,0
51,66.41,month-to-month,dsl,0,0
35,23.62,one-year,fiber,1,0
31,86.87,month-to-month,fiber,0,0
33,55.87,two-year,dsl,0,0
11,83.6,month-to-month,fiber,1,1
51,64.53,month-to-month,fiber,0,0
7,75.95,two-year,fiber,0,0
51,50.63,month-to-month,fiber,1,0
71,91.61,month-to-month,dsl,1,0
55,40.29,month-to-month,fiber,0,0
32,126.14,one-year,fiber,0,0
22,125.95,month-to-month,none,0,1
62,110.82,two-year,dsl,0,0
18,101.89,one-year,dsl,0,0
34,67.89,two-year,dsl,0,0
55,99.16,one-year,fiber,1,1
66,67.6,one-year,fiber,0,0
66,31.16,one-year,fiber,0,0
6,107.58,month-to-month,fiber,0,1
64,98.22,one-year,fiber,0,0
8,69.22,one-year,dsl,0,0
42,39.37,month-to-month,fiber,1,0
66,55.34,one-year,fiber,0,0
47,24.47,month-to-month,dsl,1,0
68,93.63,month-to-month,fiber,1,0
24,29.92,month-to-month,dsl,1,1
22,77.17,month-to-month,fiber,1,1
23,48.91,month-to-month,dsl,1,0
25,34.33,month-to-month,none,0,0
49,75.96,month-to-month,dsl,0,0
32,61.66,month-to-month,none,1,0
53,90.95,one-year,fiber,0,0
29,38.31,month-to-month,fiber,0,0
22,51.07,two-year,fiber,1,0
13,15.0,two-year,fiber,0,0
39,15.39,month-to-month,none,0,0
64,114.95,month-to-month,fiber,1,0
61,122.09,month-to-month,fiber,0,0
18,72.32,month-to-month,none,1,0
34,49.4,month-to-month,fiber,1,0
50,62.54,one-year,dsl,0,0
44,91.84,one-year,fiber,0,1
4,57.14,month-to-month,none,1,0
42,75.94,one-year,fiber,0,0
2,69.68,month-to-month,dsl,1,0
8,55.78,two-year,dsl,0,0
47,56.85,two-year,none,0,0
7,77.33,month-to-month,none,1,0
24,45.58,one-year,dsl,0,0
42,81.29,two-year,fiber,0,0
47,58.21,month-to-month,dsl,1,0
32,73.18,month-to-month,none,0,0
6,104.6,one-year,dsl,0,1
57,65.8,month-to-month,none,1,0
68,93.0,month-to-month,dsl,0,0
63,25.2,one-year,fiber,1,0
53,58.24,month-to-month,fiber,0,0
28,70.69,month-to-month,fiber,1,0
63,118.08,two-year,dsl,0,0
35,21.0,month-to-month,dsl,1,0
9,67.59,month-to-month,fiber,0,1
61,106.42,one-year,dsl,1,0
23,50.37,month-to-month,fiber,1,0
67,64.68,one-year,fiber,1,0
26,78.29,one-year,dsl,0,0
62,74.61,month-to-month,dsl,0,0
38,109.14,month-to-month,fiber,0,1
33,81.21,two-year,dsl,1,0
21,103.19,two-year,none,0,0
60,61.0,month-to-month,dsl,0,0
4,51.49,month-to-month,none,0,0
33,64.36,month-to-month,fiber,0,0
26,41.02,two-year,fiber,0,0
39,82.09,two-year,fiber,0,0
18,60.35,month-to-month,dsl,0,0
47,53.21,two-year,fiber,0,0
27,82.47,month-to-month,none,0,0
13,41.41,month-to-month,dsl,0,0
14,89.26,one-year,none,1,0
50,58.04,month-to-month,fiber,0,0
18,98.98,one-year,dsl,1,0
22,60.18,month-to-month,fiber,0,1
45,85.8,one-year,dsl,1,0
23,74.49,two-year,dsl,0,0
27,88.6,month-to-month,fiber,1,0
17,72.75,month-to-month,none,1,1
24,28.42,one-year,dsl,1,0
49,95.22,month-to-month,dsl,0,0
38,67.81,one-year,fiber,1,0
71,89.74,one-year,fiber,0,0
55,87.26,month-to-month,fiber,0,0
1,50.67,two-year,dsl,1,0
27,47.13,month-to-month,fiber,1,0
20,86.38,month-to-month,none,1,0
42,62.42,month-to-month,none,1,0
19,93.41,one-year,fiber,1,0
69,65.54,two-year,dsl,0,0
21,95.59,month-to-month,fiber,0,1
37,80.58,month-to-month,fiber,0,1
8,77.2,month-to-month,fiber,0,1
65,60.65,one-year,none,1,0
65,75.81,month-to-month,none,0,0
57,99.82,month-to-month,fiber,1,0
25,68.64,month-to-month,fiber,0,1
4,83.28,month-to-month,fiber,0,1
51,71.16,one-year,dsl,1,0
30,73.12,month-to-month,fiber,0,0
71,113.09,month-to-month,none,0,0
50,100.04,month-to-month,none,1,1
38,71.99,month-to-month,fiber,0,1
71,75.36,month-to-month,none,0,0
57,52.45,month-to-month,dsl,1,0
33,65.68,month-to-month,dsl,0,0
1,77.73,month-to-month,none,1,0
6,91.27,month-to-month,dsl,1,0
31,88.73,one-year,dsl,0,1
40,42.27,month-to-month,fiber,1,0
2,94.42,month-to-month,dsl,0,1
9,67.78,one-year,fiber,0,0
50,45.33,month-to-month,fiber,1,0
54,103.41,month-to-month,dsl,0,0
2,106.58,two-year,fiber,0,1
36,76.59,month-to-month,fiber,0,0
5,87.72,two-year,fiber,0,1
52,89.19,month-to-month,none,0,0
60,104.89,two-year,dsl,0,0
62,88.2,two-year,fiber,1,0
43,36.81,month-to-month,none,1,0
45,120.25,month-to-month,none,0,0
66,96.64,one-year,fiber,0,0
44,57.26,month-to-month,dsl,0,0
32,44.26,month-to-month,fiber,0,0
54,82.62,two-year,dsl,1,0
42,63.04,one-year,dsl,1,0
60,78.25,two-year,fiber,0,0
37,88.59,two-year,dsl,1,0
62,55.84,two-year,fiber,1,0
3,42.1,one-year,dsl,0,0
2,79.65,one-year,fiber,1,0
7,56.67,two-year,none,0,0
40,73.65,one-year,dsl,1,0
51,36.42,month-to-month,fiber,1,0
15,63.7,one-year,dsl,0,0
11,87.87,month-to-month,fiber,0,1
61,85.15,two-year,dsl,0,0
54,50.29,one-year,dsl,1,0
46,40.79,one-year,fiber,1,0
35,70.39,month-to-month,fiber,0,1
30,84.03,month-to-month,fiber,1,1
1,80.13,month-to-month,dsl,0,1
13,57.2,one-year,dsl,0,0
64,77.45,one-year,fiber,0,0
24,107.56,month-to-month,fiber,1,0
50,75.13,month-to-month,none,1,0
50,29.17,month-to-month,fiber,0,0
22,75.08,month-to-month,fiber,1,1
14,121.1,two-year,dsl,1,1
49,37.82,two-year,fiber,0,0
6,70.74,one-year,none,0,0
35,64.34,month-to-month,fiber,0,1
63,72.4,month-to-month,none,0,0
51,74.86,two-year,fiber,0,0
55,98.5,two-year,fiber,1,0
5,72.12,month-to-month,fiber,0,1
14,101.93,one-year,none,1,0
19,67.06,month-to-month,dsl,1,1
21,61.25,month-to-month,fiber,0,1
13,53.27,two-year,none,0,0
69,24.57,two-year,fiber,0,0
11,76.89,two-year,fiber,1,0
50,121.35,month-to-month,fiber,0,1
42,81.46,month-to-month,none,0,0
43,87.17,two-year,fiber,1,0
15,59.67,one-year,fiber,1,1
22,63.89,month-to-month,none,0,0
43,94.62,month-to-month,dsl,1,0
21,120.22,month-to-month,fiber,1,1
49,107.2,one-year,dsl,1,0
2,90.13,two-year,fiber,0,0
5,70.88,month-to-month,dsl,1,0
52,75.24,month-to-month,fiber,1,0
44,51.16,month-to-month,dsl,0,0
3,33.8,one-year,dsl,1,0
64,41.83,month-to-month,fiber,0,0
0,71.25,month-to-month,fiber,0,1
68,62.7,one-year,fiber,1,0
52,33.26,month-to-month,dsl,1,0
71,69.07,one-year,dsl,0,0
68,62.04,one-year,dsl,0,0
22,40.68,month-to-month,none,0,1
54,60.75,one-year,none,0,0
15,61.98,one-year,none,1,0
33,54.58,one-year,dsl,0,0
17,93.17,one-year,fiber,1,0
34,22.43,month-to-month,dsl,0,0
62,20.36,month-to-month,fiber,1,0
31,70.08,month-to-month,fiber,0,0
6,72.4,month-to-month,fiber,1,0
23,80.11,month-to-month,fiber,0,0
56,56.53,month-to-month,dsl,0,0
37,47.05,one-year,fiber,1,0
40,69.82,month-to-month,fiber,0,0
31,58.96,two-year,none,0,0
21,108.78,one-year,dsl,1,0
43,61.89,month-to-month,fiber,1,1
45,68.67,one-year,fiber,0,0
64,130.0,month-to-month,fiber,1,1
44,65.13,two-year,none,0,0
71,83.9,two-year,fiber,0,0
59,86.16,two-year,none,0,0
5,88.29,one-year,fiber,0,1
28,77.24,two-year,dsl,0,0
27,74.85,one-year,fiber,0,0
0,72.51,two-year,dsl,0,1
13,55.6,month-to-month,fiber,0,1
54,78.14,two-year,fiber,0,0
25,120.72,one-year,none,0,0
10,100.27,month-to-month,dsl,0,0
20,77.6,two-year,fiber,0,0
19,91.4,one-year,dsl,0,0
12,48.27,two-year,fiber,0,0
7,63.49,month-to-month,none,0,0
55,93.7,one-year,fiber,1,0
59,107.18,one-year,fiber,1,0
35,50.73,month-to-month,fiber,1,0
44,57.91,one-year,fiber,0,1
66,124.53,one-year,none,0,0
60,72.41,month-to-month,fiber,0,0
2,115.58,one-year,fiber,1,0
68,75.17,month-to-month,none,0,0
4,76.15,two-year,fiber,1,0
1,62.36,two-year,fiber,0,0
29,93.56,month-to-month,dsl,1,0
53,103.94,month-to-month,fiber,0,0
5,44.12,month-to-month,none,0,1
21,61.19,month-to-month,dsl,0,0
18,92.88,two-year,fiber,1,0
28,66.76,month-to-month,dsl,1,0
70,57.67,month-to-month,fiber,1,0
23,95.24,month-to-month,dsl,1,0
15,97.59,one-year,dsl,0,0
8,58.76,two-year,dsl,0,0
14,75.31,month-to-month,dsl,1,1
9,39.79,month-to-month,dsl,0,1
41,47.61,month-to-month,fiber,0,0
30,73.1,month-to-month,none,0,0
35,70.79,month-to-month,fiber,0,0
59,45.83,one-year,none,0,0
41,52.1,month-to-month,dsl,1,0
11,43.37,month-to-month,fiber,1,1
27,81.38,one-year,fiber,0,0
22,20.81,one-year,none,0,0
59,44.71,month-to-month,none,1,0
22,23.43,month-to-month,dsl,1,1
9,80.48,one-year,fiber,1,1
52,24.93,month-to-month,dsl,0,0
30,70.79,two-year,fiber,1,0
6,110.99,two-year,dsl,1,0
49,111.84,two-year,fiber,0,0
15,24.85,month-to-month,none,1,0
62,77.46,month-to-month,dsl,0,0
59,45.28,two-year,fiber,1,0
26,40.17,month-to-month,dsl,1,0
40,67.16,month-to-month,fiber,0,1
40,100.71,one-year,fiber,0,0
47,84.99,month-to-month,fiber,0,1
4,52.12,one-year,fiber,1,0
23,87.63,two-year,fiber,1,1
12,15.0,one-year,dsl,0,0
50,51.18,month-to-month,dsl,1,0
4,49.4,two-year,dsl,0,0
37,71.96,one-year,none,0,0
52,64.93,month-to-month,none,0,1
68,66.46,one-year,fiber,1,0
20,65.63,month-to-month,dsl,1,0
0,70.56,month-to-month,none,1,0
52,83.5,one-year,fiber,1,0
0,73.73,month-to-month,fiber,0,1
4,62.89,month-to-month,none,0,0
71,80.04,one-year,dsl,1,0
62,90.65,month-to-month,none,0,0
50,56.1,month-to-month,none,0,1
60,68.51,month-to-month,fiber,0,0
5,99.05,one-year,dsl,0,1
6,42.43,two-year,none,0,0
21,115.12,month-to-month,fiber,0,1
1,36.52,one-year,fiber,1,1
63,61.37,month-to-month,fiber,0,0
4,46.25,month-to-month,dsl,1,1
39,124.7,month-to-month,dsl,0,1
61,57.42,month-to-month,none,1,0
52,57.48,month-to-month,fiber,0,1
16,60.73,one-year,dsl,0,1
33,72.39,one-year,fiber,0,0
39,61.79,two-year,none,0,0
55,66.68,two-year,dsl,1,0
30,15.0,month-to-month,dsl,0,1
20,71.43,month-to-month,fiber,0,1
57,70.45,month-to-month,fiber,1,0
63,95.96,month-to-month,fiber,1,0
35,102.73,two-year,none,0,0
2,65.31,month-to-month,fiber,0,1
36,90.41,month-to-month,none,0,0
64,42.46,month-to-month,fiber,0,0
71,89.18,two-year,dsl,1,0
28,55.69,month-to-month,fiber,0,0
10,40.38,one-year,fiber,1,0
41,65.36,month-to-month,dsl,0,0
59,105.01,month-to-month,fiber,0,0
68,74.53,month-to-month,fiber,1,0
3,107.41,one-year,dsl,1,1
20,51.28,one-year,fiber,1,1
34,96.2,month-to-month,dsl,0,0
7,53.7,month-to-month,dsl,1,1
63,75.63,month-to-month,fiber,0,1
8,75.42,month-to-month,fiber,1,1
47,86.54,month-to-month,fiber,1,0
66,76.27,month-to-month,fiber,0,0
49,51.52,one-year,fiber,1,0
54,92.01,two-year,dsl,1,0
18,113.29,one-year,fiber,1,1
59,55.4,one-year,none,1,0
30,24.12,two-year,dsl,1,0
4,82.48,two-year,fiber,0,1
26,61.72,month-to-month,dsl,0,0
25,66.72,month-to-month,fiber,0,1
37,83.9,month-to-month,fiber,0,1
19,58.59,two-year,none,1,0
33,63.28,month-to-month,dsl,1,0
30,67.5,month-to-month,fiber,0,0
23,106.74,month-to-month,none,1,0
50,70.75,one-year,none,1,0
21,39.11,one-year,dsl,1,0
55,40.1,one-year,dsl,0,0
18,73.48,one-year,dsl,0,0
62,41.76,two-year,dsl,1,0
26,30.94,month-to-month,dsl,1,0
2,85.89,two-year,none,1,0
10,87.11,one-year,dsl,1,0
58,60.8,month-to-month,fiber,0,1
62,77.34,two-year,fiber,0,0
15,74.7,two-year,fiber,1,0
43,85.06,two-year,fiber,0,0
41,85.12,two-year,fiber,1,0
9,15.0,month-to-month,dsl,1,0
32,63.99,month-to-month,none,1,0
49,82.95,month-to-month,fiber,1,0
69,59.74,two-year,fiber,0,0
61,70.91,two-year,none,0,0
7,88.77,two-year,fiber,1,0
17,72.02,two-year,dsl,1,0
31,107.7,one-year,dsl,1,0
10,98.17,month-to-month,dsl,0,1
41,67.04,month-to-month,fiber,1,0
0,65.05,month-to-month,fiber,0,1
8,15.0,one-year,dsl,0,0
3,61.84,month-to-month,fiber,1,1
21,36.17,two-year,fiber,0,0
54,75.53,one-year,fiber,0,0
12,73.82,month-to-month,dsl,0,1
71,87.4,two-year,dsl,1,0
19,104.92,one-year,dsl,0,0
3,69.34,one-year,dsl,0,0
24,127.01,month-to-month,fiber,0,1
53,75.81,month-to-month,none,1,0
7,37.24,month-to-month,none,0,1
5,55.95,month-to-month,fiber,1,1
61,60.68,one-year,dsl,1,0
42,84.8,two-year,fiber,0,0
24,46.32,two-year,none,0,0
54,62.55,month-to-month,fiber,0,0
60,65.97,two-year,fiber,0,0
25,58.8,month-to-month,none,0,1
40,90.29,month-to-month,dsl,1,0
0,86.03,one-year,fiber,0,1
22,99.16,two-year,dsl,0,0
42,61.72,two-year,dsl,0,0
14,100.06,two-year,fiber,0,0
71,35.9,month-to-month,dsl,0,0
69,35.29,month-to-month,dsl,0,0
18,39.65,month-to-month,dsl,1,0
28,70.23,one-year,none,0,0
13,100.06,month-to-month,dsl,0,1
36,54.95,month-to-month,dsl,1,1
8,58.08,month-to-month,dsl,0,0
28,64.6,one-year,fiber,1,0
39,84.32,one-year,fiber,0,0
44,58.06,month-to-month,none,0,0
42,56.66,month-to-month,dsl,0,0
15,36.37,one-year,fiber,1,0
57,55.71,one-year,fiber,1,0
49,99.44,month-to-month,fiber,0,1
54,72.27,month-to-month,fiber,0,0
33,51.5,two-year,fiber,0,0
64,100.9,one-year,dsl,0,0
28,55.37,month-to-month,fiber,0,0
58,105.5,one-year,dsl,1,0
14,105.09,one-year,none,0,0
17,71.4,month-to-month,none,0,1
37,32.54,month-to-month,none,1,0
40,127.24,two-year,fiber,0,0
53,79.68,month-to-month,dsl,1,0
21,61.9,month-to-month,dsl,0,0
62,93.9,one-year,fiber,1,1
23,87.56,month-to-month,none,0,1
38,102.77,one-year,dsl,0,0
67,53.44,month-to-month,dsl,0,0
38,77.96,month-to-month,fiber,1,0
49,40.35,month-to-month,fiber,0,0
65,86.66,two-year,none,0,0
70,69.43,one-year,fiber,0,0
35,77.03,two-year,fiber,0,0
30,66.34,month-to-month,dsl,1,0
14,63.73,one-year,dsl,1,0
38,48.29,month-to-month,fiber,1,0
66,89.76,one-year,fiber,0,0
35,107.24,month-to-month,dsl,1,0
25,56.08,one-year,none,0,0
7,83.84,month-to-month,dsl,0,1
28,80.8,month-to-month,dsl,0,0
17,70.2,one-year,fiber,1,0
70,31.84,month-to-month,dsl,1,0
37,37.46,month-to-month,dsl,0,0
9,50.48,two-year,none,1,0
4,16.52,month-to-month,dsl,1,0
61,105.2,one-year,fiber,1,0
67,79.19,two-year,fiber,1,0
54,69.25,one-year,none,0,1
8,15.24,month-to-month,fiber,0,1
7,24.4,one-year,dsl,1,0
14,69.94,month-to-month,dsl,1,0
54,119.26,month-to-month,fiber,0,1
55,52.53,one-year,dsl,1,0
60,91.59,two-year,dsl,1,0
6,58.0,month-to-month,none,0,0
11,71.38,month-to-month,fiber,0,1
64,100.37,one-year,fiber,0,0
66,61.35,month-to-month,fiber,0,0
52,52.75,one-year,fiber,0,0
7,105.45,month-to-month,dsl,0,1
4,71.14,month-to-month,fiber,1,1
4,97.28,one-year,fiber,0,1
49,52.87,two-year,none,1,0
60,105.17,month-to-month,fiber,0,0
45,76.84,two-year,fiber,1,0
18,80.87,month-to-month,none,0,1
54,73.29,month-to-month,dsl,1,0
4,57.36,month-to-month,fiber,0,1
59,69.96,month-to-month,none,0,0
64,58.94,one-year,dsl,0,0
51,93.99,month-to-month,fiber,0,1
63,64.92,month-to-month,fiber,1,0
42,32.59,month-to-month,none,0,0
33,28.01,two-year,fiber,1,0
23,26.83,two-year,none,0,0
66,85.45,month-to-month,fiber,0,0
50,41.21,month-to-month,fiber,1,0
13,77.5,two-year,none,0,1
68,73.41,month-to-month,none,1,0
4,68.38,two-year,fiber,0,0
42,80.96,one-year,fiber,0,0
13,73.96,two-year,dsl,1,0
47,15.0,month-to-month,dsl,0,0
29,61.91,month-to-month,fiber,1,0
31,80.63,month-to-month,fiber,0,1
48,111.01,month-to-month,none,1,0
54,112.16,month-to-month,fiber,0,0
27,35.92,two-year,fiber,0,0
71,61.26,month-to-month,fiber,0,0
35,30.85,month-to-month,fiber,1,1
11,108.0,month-to-month,dsl,1,0
0,95.32,month-to-month,fiber,1,0
14,78.76,month-to-month,dsl,1,1
49,74.15,month-to-month,fiber,1,0
38,104.52,one-year,fiber,1,0
24,100.28,two-year,none,0,0
34,98.95,month-to-month,dsl,0,1
60,81.42,one-year,fiber,1,0
41,61.27,month-to-month,fiber,0,0
4,89.18,month-to-month,dsl,1,0
3,90.4,two-year,dsl,0,1
34,65.23,two-year,dsl,0,0
29,61.22,month-to-month,dsl,1,0
61,98.33,month-to-month,fiber,0,1
41,111.6,month-to-month,none,1,1
54,51.27,month-to-month,fiber,1,0
42,63.42,one-year,fiber,1,0
24,78.77,month-to-month,dsl,1,1
47,82.16,two-year,fiber,0,0
44,56.94,one-year,fiber,0,0
51,117.09,month-to-month,fiber,1,0
13,80.55,two-year,dsl,0,0
46,83.28,one-year,dsl,0,0
20,113.97,month-to-month,dsl,0,1
56,58.77,month-to-month,fiber,1,0
57,67.79,two-year,fiber,1,0
44,38.67,two-year,none,0,0
68,65.69,month-to-month,dsl,0,0
38,32.78,one-year,dsl,1,0
1,88.7,two-year,fiber,0,0
43,80.5,two-year,fiber,0,0
55,63.07,month-to-month,fiber,0,0
7,67.49,month-to-month,dsl,1,1
7,89.04,two-year,none,0,0
19,41.61,month-to-month,none,0,1
60,75.1,month-to-month,fiber,0,1
37,87.49,one-year,dsl,0,0
70,25.44,month-to-month,dsl,1,0
62,87.12,one-year,fiber,1,0
39,28.15,month-to-month,dsl,1,0
48,67.06,one-year,dsl,0,0
23,40.92,month-to-month,fiber,0,0
6,105.78,two-year,fiber,0,1
28,41.07,month-to-month,fiber,0,0
42,28.75,month-to-month,dsl,1,0
13,73.33,two-year,fiber,0,0
15,59.66,one-year,fiber,1,0
1,32.38,month-to-month,fiber,0,0
52,83.15,month-to-month,none,0,0
64,20.21,one-year,none,0,0
59,44.09,two-year,none,0,0
27,55.62,month-to-month,none,0,0
42,90.06,two-year,fiber,0,0
69,102.39,month-to-month,fiber,1,0
42,97.57,one-year,dsl,0,0
21,66.17,month-to-month,dsl,0,0
24,15.0,month-to-month,dsl,0,0
52,79.77,two-year,fiber,0,0
32,106.76,month-to-month,none,1,0
60,100.84,two-year,fiber,0,0
62,81.57,month-to-month,dsl,1,0
2,40.26,month-to-month,none,1,1
52,56.87,two-year,dsl,0,0
26,118.35,one-year,dsl,0,0
37,34.58,month-to-month,dsl,0,0
19,41.3,one-year,dsl,0,0
26,93.56,month-to-month,none,0,1
23,59.22,two-year,fiber,0,0
3,40.46,month-to-month,fiber,1,0
56,108.2,month-to-month,none,0,0
10,81.53,month-to-month,dsl,1,1
27,60.45,one-year,dsl,1,0
13,41.36,two-year,fiber,0,0
11,121.19,two-year,fiber,0,0
26,69.39,month-to-month,dsl,0,0
66,104.93,month-to-month,none,0,0
67,92.34,month-to-month,fiber,0,0
27,56.98,two-year,fiber,0,1
36,57.18,month-to-month,fiber,1,0
70,106.16,one-year,dsl,0,0
16,106.56,month-to-month,fiber,1,1
68,23.08,two-year,dsl,0,0
7,83.74,month-to-month,fiber,0,1
16,66.97,month-to-month,fiber,0,1
24,44.17,two-year,fiber,0,0
2,76.54,two-year,fiber,0,1
58,36.26,one-year,none,0,0
61,58.34,one-year,none,0,0
27,50.04,one-year,dsl,0,0
60,57.51,month-to-month,none,0,0
55,68.21,month-to-month,fiber,0,0
57,44.61,one-year,none,0,0
57,109.33,one-year,dsl,0,0
41,82.33,month-to-month,dsl,0,1
7,114.86,month-to-month,dsl,0,0
66,66.0,one-year,fiber,0,0
43,56.28,month-to-month,fiber,1,0
64,113.96,one-year,fiber,1,0
69,55.55,one-year,fiber,0,0
13,65.54,month-to-month,dsl,0,1
28,88.0,month-to-month,none,1,0
13,39.06,month-to-month,fiber,0,1
3,87.78,month-to-month,dsl,0,1
69,84.58,one-year,dsl,1,0
66,101.73,one-year,fiber,0,0
67,92.25,two-year,fiber,0,0
63,102.5,month-to-month,fiber,0,0
46,67.24,one-year,dsl,0,0
37,48.43,month-to-month,fiber,0,1
71,122.75,two-year,fiber,0,0
39,31.83,month-to-month,fiber,1,0
46,34.34,one-year,none,0,0
15,84.13,month-to-month,none,0,1
53,110.62,month-to-month,fiber,0,1
59,74.74,two-year,dsl,1,0
48,94.98,month-to-month,none,0,0
35,20.1,month-to-month,fiber,0,0
14,57.51,one-year,fiber,0,0
2,23.15,month-to-month,fiber,0,1
45,89.51,month-to-month,fiber,0,0
49,31.32,month-to-month,none,0,0
55,38.05,month-to-month,none,1,0
68,82.85,two-year,dsl,1,0
35,96.55,one-year,fiber,0,1
59,66.03,month-to-month,none,1,0
51,84.25,month-to-month,fiber,0,0
19,83.44,two-year,fiber,0,0
60,64.61,two-year,fiber,0,0
3,42.63,month-to-month,none,0,0
43,84.12,one-year,dsl,0,0
67,85.33,month-to-month,dsl,1,0
47,92.35,month-to-month,dsl,0,0
67,77.8,two-year,fiber,0,0
4,40.79,two-year,fiber,0,0
38,87.26,month-to-month,none,0,1
56,69.97,two-year,none,1,0
46,57.93,one-year,dsl,0,0
63,62.63,one-year,fiber,0,0
33,52.74,one-year,none,1,0
49,92.22,month-to-month,fiber,1,0
30,34.55,two-year,fiber,0,0
62,45.16,month-to-month,fiber,0,0
8,61.78,month-to-month,fiber,1,0
18,110.34,month-to-month,dsl,0,0
6,96.36,two-year,dsl,0,0
50,28.98,month-to-month,fiber,1,0
16,103.78,month-to-month,fiber,1,0
22,103.74,one-year,dsl,1,0
60,40.65,month-to-month,fiber,1,0
25,15.0,month-to-month,fiber,0,0
10,68.19,month-to-month,fiber,1,0
1,98.06,one-year,none,1,0
16,109.78,month-to-month,none,0,1
65,48.23,month-to-month,fiber,1,0
39,113.8,month-to-month,dsl,1,0
71,15.0,two-year,none,1,0
15,60.8,one-year,fiber,0,0
25,59.57,month-to-month,none,0,1
11,98.81,two-year,dsl,1,0
28,102.46,two-year,dsl,1,0
40,93.86,one-year,dsl,0,0
58,36.24,month-to-month,fiber,0,0
26,91.57,month-to-month,dsl,1,0
55,82.73,one-year,dsl,0,0
45,28.22,month-to-month,fiber,0,0
21,18.32,month-to-month,dsl,1,0
65,95.95,month-to-month,none,0,0
31,65.5,month-to-month,none,1,1
10,37.87,one-year,dsl,0,0
69,64.8,month-to-month,fiber,0,1
65,79.1,one-year,fiber,0,0
3,67.93,two-year,fiber,0,0
64,31.2,month-to-month,none,1,0
68,117.14,month-to-month,dsl,0,0
59,95.11,month-to-month,none,1,0
18,61.62,month-to-month,fiber,0,1
45,62.62,two-year,none,1,0
38,78.99,one-year,none,0,1
44,41.76,two-year,dsl,0,0
44,78.07,two-year,none,0,0
46,36.73,month-to-month,fiber,0,0
37,68.24,one-year,fiber,0,0
49,40.79,month-to-month,fiber,1,0
37,42.05,month-to-month,fiber,1,0
1,111.14,month-to-month,fiber,0,1
2,71.48,month-to-month,dsl,0,0
68,75.19,one-year,fiber,0,0
65,19.72,one-year,fiber,1,0
42,55.07,month-to-month,fiber,1,0
12,81.53,month-to-month,dsl,0,1
56,74.85,one-year,none,0,0
10,16.15,one-year,fiber,0,0
27,75.18,one-year,dsl,0,1
23,79.16,month-to-month,none,0,1
0,102.09,month-to-month,dsl,0,1
58,53.62,one-year,dsl,1,0
36,15.0,one-year,dsl,0,0
22,45.08,month-to-month,none,1,0
36,42.57,month-to-month,fiber,1,0
0,88.42,month-to-month,dsl,0,1
31,15.0,one-year,fiber,0,0
37,58.79,month-to-month,fiber,0,0
24,105.64,one-year,dsl,1,0
59,70.18,two-year,none,0,0
17,92.41,month-to-month,none,1,0
9,28.96,month-to-month,none,1,0
37,29.95,month-to-month,dsl,0,0
63,105.93,month-to-month,dsl,0,0
27,72.53,two-year,none,0,0
3,72.58,two-year,fiber,0,0
69,42.05,month-to-month,fiber,0,0
31,72.52,two-year,fiber,1,0
12,41.35,month-to-month,dsl,0,0
44,99.67,one-year,dsl,0,0
23,130.0,one-year,none,1,1
67,82.1,month-to-month,fiber,1,0
21,54.13,month-to-month,none,0,0
39,15.0,one-year,dsl,0,0
39,27.89,month-to-month,none,1,0
17,108.87,two-year,fiber,0,0
35,44.27,month-to-month,dsl,0,0
7,60.73,month-to-month,dsl,1,0
46,86.38,two-year,dsl,1,0
54,107.06,month-to-month,fiber,0,0
68,65.01,month-to-month,fiber,0,0
23,59.88,month-to-month,fiber,1,1
20,71.79,month-to-month,dsl,0,0
39,54.31,month-to-month,dsl,1,0
49,55.65,month-to-month,dsl,0,0
71,80.3,month-to-month,dsl,1,0
1,74.63,month-to-month,fiber,1,0
17,123.29,two-year,fiber,0,0
18,80.97,two-year,dsl,1,0
18,98.78,month-to-month,dsl,0,1
33,43.22,two-year,dsl,1,0
62,83.13,two-year,dsl,1,0
2,51.93,two-year,none,1,0
58,79.89,one-year,none,0,0
44,87.21,month-to-month,dsl,1,0
44,71.25,month-to-month,fiber,1,0
48,130.0,two-year,fiber,0,0
8,105.7,month-to-month,dsl,1,0
53,99.43,two-year,fiber,0,0
17,89.11,one-year,fiber,1,0
37,114.08,month-to-month,fiber,1,0
48,34.08,month-to-month,none,0,0
43,104.26,two-year,fiber,0,0
23,45.22,month-to-month,dsl,1,0
28,55.89,one-year,none,0,1
34,84.03,two-year,dsl,0,0
2,100.83,month-to-month,fiber,0,1
52,41.16,month-to-month,none,0,0
7,57.19,month-to-month,dsl,0,0
33,72.44,two-year,fiber,0,0
47,65.34,month-to-month,dsl,1,0
5,91.35,month-to-month,fiber,1,1
71,130.0,month-to-month,dsl,1,0
27,80.48,month-to-month,none,0,1
1,51.62,month-to-month,dsl,1,0
47,37.59,month-to-month,none,0,1
40,61.87,two-year,fiber,1,0
46,46.49,month-to-month,none,1,0
54,81.69,two-year,dsl,0,0
34,81.3,two-year,fiber,1,0
59,58.42,one-year,none,1,0
26,119.62,one-year,none,0,0
39,51.61,month-to-month,fiber,1,0
11,67.01,one-year,dsl,1,0
44,85.98,month-to-month,fiber,0,1
18,92.3,month-to-month,fiber,0,1
50,101.94,one-year,fiber,1,0
57,80.71,month-to-month,dsl,1,0
61,96.27,month-to-month,fiber,0,0
66,53.37,one-year,fiber,0,0
8,92.95,month-to-month,none,0,1
9,92.62,month-to-month,dsl,0,1
66,107.82,month-to-month,none,0,1
27,28.29,month-to-month,fiber,0,1
1,47.32,month-to-month,fiber,1,1
20,90.58,month-to-month,dsl,0,1
60,15.0,month-to-month,fiber,1,0
25,82.3,one-year,dsl,1,0
5,96.5,two-year,none,1,0
51,55.59,one-year,fiber,1,0
14,59.25,month-to-month,dsl,1,0
25,43.15,one-year,dsl,0,0
0,56.96,two-year,fiber,0,0
43,57.69,two-year,dsl,0,0
32,52.93,month-to-month,dsl,0,0
62,51.56,month-to-month,fiber,0,0
24,63.22,month-to-month,fiber,0,1
14,62.92,one-year,dsl,0,0
11,116.85,month-to-month,dsl,0,0
14,60.15,two-year,none,0,0
32,78.6,month-to-month,dsl,1,0
6,55.58,one-year,fiber,0,1
28,55.26,month-to-month,none,0,0
61,27.39,month-to-month,dsl,0,0
55,30.72,month-to-month,fiber,0,0
45,39.83,one-year,fiber,1,0
64,74.59,month-to-month,fiber,0,0
56,96.9,month-to-month,fiber,0,1
46,25.33,one-year,dsl,1,0
62,56.27,two-year,fiber,0,0
8,35.83,one-year,none,0,1
58,63.39,one-year,dsl,0,0
21,96.89,month-to-month,fiber,0,0
52,58.83,two-year,none,0,0
65,68.81,month-to-month,dsl,1,0
35,106.38,two-year,fiber,0,0
6,81.45,two-year,fiber,0,0
26,51.0,month-to-month,dsl,0,0
29,73.97,month-to-month,dsl,0,0
67,49.31,one-year,dsl,0,0
67,80.51,one-year,none,1,0
40,82.88,one-year,dsl,1,0
68,35.82,two-year,none,1,0
31,74.38,month-to-month,dsl,0,0
29,67.06,month-to-month,dsl,0,1
60,83.62,one-year,fiber,0,0
48,90.78,month-to-month,dsl,0,0
37,81.94,one-year,fiber,0,0
32,62.42,two-year,dsl,0,0
50,93.33,month-to-month,fiber,1,1
54,48.17,two-year,dsl,1,0
35,36.99,two-year,fiber,0,0
2,15.0,month-to-month,dsl,0,0
7,68.25,two-year,fiber,0,0
10,49.46,one-year,none,1,0
33,79.94,month-to-month,fiber,0,0
44,20.72,month-to-month,dsl,1,0
57,53.82,month-to-month,dsl,0,0
16,81.76,one-year,fiber,1,1
56,44.25,month-to-month,none,1,0
47,80.23,month-to-month,none,0,0
3,56.07,two-year,dsl,1,0
25,69.18,one-year,none,1,0
21,84.88,one-year,fiber,0,0
63,93.82,two-year,none,0,0
66,72.31,month-to-month,none,0,0
58,49.65,month-to-month,dsl,0,0
38,58.55,one-year,none,1,0
35,85.92,month-to-month,dsl,0,0
22,44.47,month-to-month,dsl,1,1
55,65.55,one-year,dsl,1,0
6,60.35,month-to-month,fiber,0,1
19,67.42,month-to-month,dsl,0,0
9,44.77,one-year,fiber,1,0
35,23.7,one-year,dsl,0,0
21,83.02,month-to-month,dsl,0,1
14,94.1,month-to-month,fiber,1,0
27,25.2,two-year,fiber,0,0
61,79.22,two-year,fiber,1,0
40,97.08,month-to-month,dsl,0,0
59,84.9,month-to-month,fiber,1,0
65,59.58,one-year,fiber,1,0
64,46.41,month-to-month,fiber,0,0
25,72.02,month-to-month,fiber,0,0
63,76.19,month-to-month,fiber,0,0
65,72.4,month-to-month,fiber,1,0
69,65.5,month-to-month,dsl,0,0
25,42.93,month-to-month,dsl,0,0
16,80.57,two-year,none,0,0
42,81.77,month-to-month,fiber,1,0
67,75.02,month-to-month,fiber,0,1
64,72.77,month-to-month,fiber,1,0
41,111.98,two-year,dsl,1,0
10,54.39,month-to-month,fiber,0,1
30,102.04,month-to-month,fiber,1,1
51,51.65,one-year,dsl,0,0
40,97.72,one-year,fiber,1,0
24,100.83,two-year,dsl,1,0
24,62.67,month-to-month,dsl,0,0
4,111.52,month-to-month,none,0,1
20,81.73,month-to-month,fiber,1,0
48,48.07,one-year,fiber,0,0
17,60.65,month-to-month,dsl,0,0
71,98.32,month-to-month,fiber,1,0
5,93.08,month-to-month,fiber,0,1
42,43.55,two-year,dsl,0,0
35,66.52,month-to-month,fiber,0,1
59,75.09,month-to-month,fiber,0,0
63,57.31,two-year,dsl,0,0
39,128.94,one-year,none,0,0
45,75.84,one-year,fiber,0,0
50,68.45,one-year,dsl,0,0
37,99.77,month-to-month,none,1,0
13,60.87,two-year,fiber,1,0
30,95.19,month-to-month,dsl,0,1
17,28.31,two-year,fiber,0,0
33,58.66,month-to-month,none,0,0
44,96.23,one-year,fiber,0,0
15,109.25,month-to-month,fiber,1,0
17,50.67,month-to-month,none,0,1
59,47.75,month-to-month,dsl,0,0
27,84.19,one-year,fiber,1,0
14,54.42,month-to-month,dsl,1,0
51,63.29,two-year,none,0,0
51,91.91,month-to-month,dsl,1,0
59,56.4,one-year,fiber,0,0
54,20.86,one-year,fiber,1,0
71,37.47,month-to-month,none,0,0
41,70.25,one-year,fiber,0,0
20,23.41,one-year,fiber,0,0
62,62.57,one-year,fiber,0,0
19,35.2,one-year,fiber,0,0
20,111.0,one-year,dsl,1,0
59,124.13,month-to-month,fiber,0,0
63,43.55,month-to-month,fiber,1,0
24,76.42,month-to-month,fiber,0,1
52,45.99,one-year,fiber,1,0
66,62.27,two-year,fiber,0,0
57,115.09,month-to-month,fiber,0,0
0,58.33,month-to-month,dsl,0,1
47,62.85,month-to-month,fiber,0,0
12,46.44,one-year,fiber,0,0
60,98.65,one-year,dsl,1,0
4,15.0,one-year,dsl,0,0
71,58.93,one-year,dsl,0,0
12,68.85,one-year,none,0,1
30,53.47,month-to-month,fiber,1,1
16,91.59,month-to-month,fiber,0,1
58,100.05,month-to-month,fiber,0,0
28,34.7,two-year,fiber,0,0
53,122.34,one-year,none,1,0
4,34.42,month-to-month,dsl,1,0
32,102.22,month-to-month,dsl,0,0
65,73.75,month-to-month,none,0,0
66,57.41,two-year,none,0,0
15,59.77,month-to-month,fiber,0,0
28,69.16,one-year,none,1,0
29,75.21,month-to-month,fiber,1,0
40,47.0,one-year,fiber,0,0
38,64.15,one-year,dsl,1,0
7,50.73,month-to-month,none,0,0
54,39.62,one-year,dsl,1,0
16,49.57,month-to-month,fiber,1,1
22,41.25,two-year,none,1,0
60,59.5,month-to-month,dsl,0,0
49,80.81,one-year,dsl,0,0
28,73.02,month-to-month,fiber,0,1
65,119.36,one-year,fiber,0,0
28,15.0,month-to-month,fiber,0,0
40,81.73,one-year,none,1,0
17,70.16,month-to-month,none,0,1
13,90.39,month-to-month,fiber,0,1
35,87.91,two-year,fiber,1,0
40,65.88,month-to-month,fiber,0,0
58,74.32,month-to-month,dsl,0,0
28,51.4,one-year,dsl,0,0
64,85.34,month-to-month,dsl,1,0
43,23.03,two-year,fiber,0,0
5,89.42,month-to-month,fiber,0,1
53,69.42,two-year,none,0,0
41,57.82,two-year,dsl,0,1
28,64.19,month-to-month,fiber,1,0
33,66.02,month-to-month,fiber,1,1
21,102.43,one-year,fiber,0,0
44,130.0,one-year,fiber,0,0
40,100.5,month-to-month,fiber,0,1
32,55.87,month-to-month,dsl,1,0
20,85.74,month-to-month,fiber,0,0
28,86.83,one-year,fiber,0,0
35,46.87,one-year,dsl,0,0
33,38.48,month-to-month,fiber,0,1
22,68.42,month-to-month,dsl,1,0
41,90.19,one-year,none,0,0
16,29.7,two-year,fiber,1,0
36,51.98,month-to-month,dsl,0,0
8,84.32,month-to-month,fiber,0,1
33,71.04,month-to-month,fiber,1,0
56,105.41,one-year,fiber,0,0
58,34.72,month-to-month,dsl,1,0
50,128.8,month-to-month,fiber,0,0
53,31.55,one-year,dsl,0,0
4,19.27,month-to-month,fiber,0,1
24,68.53,month-to-month,dsl,1,0
47,41.64,month-to-month,fiber,1,0
57,69.03,month-to-month,fiber,1,0
41,68.16,month-to-month,dsl,1,0
61,65.11,month-to-month,fiber,0,0
19,48.94,month-to-month,fiber,1,0
11,80.82,month-to-month,dsl,0,1
6,62.07,two-year,dsl,1,0
41,97.59,two-year,dsl,1,0
47,65.49,month-to-month,fiber,0,0
20,45.88,one-year,fiber,1,0
56,27.81,month-to-month,fiber,1,0
53,65.7,two-year,fiber,0,0
25,38.27,two-year,fiber,1,0
17,36.25,one-year,fiber,0,0
53,83.19,one-year,fiber,1,0
48,25.56,month-to-month,dsl,1,0
12,105.3,month-to-month,fiber,0,1
18,73.99,month-to-month,fiber,0,1
34,68.9,month-to-month,fiber,0,0
36,44.13,one-year,fiber,1,0
11,89.11,month-to-month,dsl,1,0
68,69.93,month-to-month,fiber,1,0
27,52.85,one-year,fiber,1,0
27,75.0,one-year,none,0,0
4,27.93,one-year,fiber,0,0
63,29.12,month-to-month,fiber,1,0
16,42.0,two-year,dsl,0,0
71,78.74,month-to-month,dsl,0,0
35,69.92,one-year,none,0,0
62,96.22,month-to-month,none,0,0
12,47.0,month-to-month,dsl,1,1
11,84.37,two-year,fiber,0,0
57,67.15,month-to-month,dsl,0,0
59,46.42,month-to-month,fiber,0,1
39,79.63,month-to-month,dsl,0,0
2,68.35,two-year,none,0,0
67,54.27,two-year,fiber,1,0
28,71.05,month-to-month,none,0,0
67,66.76,one-year,dsl,1,0
62,66.16,month-to-month,fiber,0,1
61,59.69,one-year,none,0,0
49,37.38,month-to-month,dsl,1,0
48,71.87,month-to-month,fiber,0,1
38,49.93,one-year,dsl,0,0
1,44.49,two-year,fiber,0,0
27,63.98,month-to-month,fiber,1,0
52,88.35,month-to-month,dsl,1,0
58,74.64,two-year,none,0,0
40,56.72,month-to-month,dsl,1,0
51,55.72,month-to-month,none,0,0
1,85.9,month-to-month,none,1,1
33,15.0,month-to-month,fiber,1,0
36,89.93,month-to-month,dsl,0,1
64,23.15,month-to-month,dsl,0,0
22,34.61,month-to-month,fiber,1,1
16,57.14,month-to-month,fiber,0,1
25,124.25,two-year,dsl,1,0
12,111.94,month-to-month,none,0,1
40,87.66,one-year,none,1,0
46,78.91,month-to-month,dsl,0,1
57,23.44,month-to-month,dsl,1,0
69,73.92,month-to-month,dsl,0,0
5,56.27,month-to-month,none,1,0
17,49.58,one-year,dsl,1,0
21,73.87,month-to-month,none,1,0
17,58.22,one-year,none,1,0
59,91.73,two-year,fiber,0,0
10,21.6,month-to-month,none,0,0
2,71.88,two-year,dsl,0,0
61,48.02,month-to-month,fiber,0,0
69,59.76,month-to-month,fiber,0,1
16,77.62,month-to-month,dsl,1,0
23,42.07,two-year,fiber,1,0
36,74.11,one-year,fiber,0,0
37,64.69,two-year,dsl,0,0
71,53.49,one-year,fiber,0,0
29,58.24,month-to-month,fiber,1,0
0,66.14,two-year,dsl,1,0
30,50.8,two-year,fiber,0,0
40,70.18,one-year,dsl,0,0
37,63.05,one-year,fiber,1,0
36,54.72,two-year,none,0,0
66,109.75,month-to-month,fiber,1,0
58,80.38,two-year,none,0,0
18,60.43,two-year,dsl,1,0
25,73.65,one-year,none,1,0
48,44.33,month-to-month,dsl,0,0
29,59.08,month-to-month,dsl,0,1
30,62.0,two-year,fiber,0,0
12,38.83,two-year,dsl,0,0
18,79.68,one-year,dsl,0,0
53,57.36,two-year,dsl,0,0
60,61.11,month-to-month,fiber,1,0
56,55.78,two-year,dsl,0,0
22,130.0,month-to-month,dsl,0,1
9,53.43,month-to-month,dsl,1,0
11,18.28,month-to-month,dsl,0,0
28,30.0,month-to-month,fiber,0,0
37,88.98,month-to-month,dsl,1,0
64,103.41,one-year,fiber,1,0
64,52.96,month-to-month,dsl,0,0
0,101.97,one-year,dsl,1,1
50,88.54,month-to-month,fiber,0,0
21,65.26,two-year,fiber,0,0
14,63.49,month-to-month,dsl,0,1
39,74.52,one-year,dsl,0,0
2,91.94,one-year,fiber,0,1
24,79.93,month-to-month,fiber,0,1
39,53.08,month-to-month,fiber,1,1
19,65.64,month-to-month,dsl,0,0
42,119.53,month-to-month,fiber,1,0
33,76.28,month-to-month,dsl,0,0
57,91.73,month-to-month,dsl,1,0
13,83.5,one-year,none,0,0
4,76.83,month-to-month,none,0,0
38,72.72,month-to-month,dsl,1,0
18,92.43,month-to-month,dsl,0,1
50,87.97,month-to-month,dsl,1,0
6,76.6,month-to-month,none,1,0
41,52.66,one-year,dsl,1,0
71,79.64,one-year,fiber,0,0
6,68.32,month-to-month,none,1,1
21,62.29,month-to-month,fiber,0,1
60,130.0,month-to-month,none,1,0
38,31.52,one-year,fiber,0,0
12,93.96,month-to-month,dsl,0,1
15,48.43,two-year,none,1,0
55,73.28,one-year,dsl,0,0
61,130.0,one-year,dsl,1,0
25,45.94,month-to-month,fiber,0,1
34,51.9,two-year,fiber,1,0
56,69.56,month-to-month,fiber,0,0
12,48.82,month-to-month,dsl,0,1
14,92.1,two-year,fiber,0,0
55,56.64,one-year,fiber,0,0
13,86.35,month-to-month,fiber,1,0
55,36.77,month-to-month,none,1,0
35,24.83,month-to-month,none,1,0
71,64.28,two-year,fiber,1,0
2,30.79,month-to-month,none,1,0
68,107.96,month-to-month,dsl,0,0
16,31.75,month-to-month,fiber,0,0
2,44.06,two-year,fiber,1,0
52,80.34,one-year,none,1,0
38,55.34,month-to-month,fiber,0,1
60,32.04,two-year,fiber,0,0
7,121.0,month-to-month,none,0,1
5,44.96,one-year,dsl,1,0
40,65.09,one-year,dsl,0,0
63,64.77,month-to-month,dsl,1,0
29,87.76,one-year,dsl,1,0
57,81.56,two-year,fiber,1,0
65,49.33,month-to-month,dsl,0,0
62,61.85,month-to-month,fiber,1,0
36,64.33,two-year,fiber,1,0
50,88.72,month-to-month,none,0,0
37,40.79,month-to-month,fiber,0,1
48,120.45,month-to-month,fiber,0,1
40,51.02,two-year,fiber,0,0
37,69.78,one-year,none,0,0
31,41.0,two-year,none,0,0
47,37.55,month-to-month,fiber,1,0
54,48.14,two-year,fiber,0,0
66,45.74,month-to-month,dsl,0,0
44,59.64,one-year,dsl,1,0
7,45.53,one-year,fiber,1,0
42,87.39,month-to-month,fiber,1,0
22,50.43,one-year,dsl,1,0
1,47.65,month-to-month,fiber,1,0
5,60.18,month-to-month,dsl,0,1
42,94.82,one-year,fiber,0,1
68,75.37,month-to-month,none,0,0
36,67.51,one-year,dsl,1,0
32,34.17,month-to-month,dsl,0,0
6,41.43,month-to-month,dsl,0,1
48,38.04,one-year,fiber,0,0
3,102.67,month-to-month,fiber,1,1
60,83.26,two-year,dsl,0,0
58,48.46,two-year,dsl,1,0
71,55.89,month-to-month,none,1,0
20,49.37,month-to-month,fiber,0,0
11,47.85,month-to-month,dsl,1,0
21,81.51,one-year,fiber,0,0
57,62.81,month-to-month,fiber,0,0
15,122.03,two-year,fiber,0,0
63,101.26,two-year,none,1,0
11,102.74,month-to-month,dsl,0,1
3,86.78,one-year,dsl,1,0
15,59.43,month-to-month,dsl,1,1
54,84.94,month-to-month,fiber,0,0
43,61.28,month-to-month,fiber,0,0
25,110.76,one-year,fiber,0,0
47,80.11,month-to-month,fiber,0,0
46,76.56,two-year,dsl,1,0
39,73.18,month-to-month,fiber,0,1
37,113.51,one-year,dsl,1,1
7,34.16,two-year,none,1,0
18,115.96,one-year,none,0,1
37,65.35,month-to-month,fiber,0,1
9,34.85,month-to-month,dsl,1,0
34,51.19,month-to-month,fiber,1,0
8,28.73,month-to-month,fiber,0,1
56,86.34,two-year,dsl,1,0
7,44.04,month-to-month,fiber,1,0
6,74.22,month-to-month,dsl,1,1
45,98.36,one-year,none,1,0
15,53.2,month-to-month,fiber,1,1
25,63.3,two-year,none,1,0
22,37.42,month-to-month,fiber,0,0
15,60.29,month-to-month,none,1,0
54,130.0,one-year,dsl,0,0
49,89.45,month-to-month,fiber,1,0
17,63.38,two-year,fiber,0,0
49,54.71,month-to-month,fiber,1,0
51,68.93,month-to-month,dsl,1,0
38,73.25,month-to-month,fiber,1,1
41,59.52,month-to-month,none,0,0
67,83.25,one-year,fiber,1,0
32,46.16,month-to-month,none,0,1
27,46.04,one-year,fiber,0,1
38,79.25,two-year,dsl,0,0
60,40.78,month-to-month,none,1,0
51,88.23,one-year,fiber,1,0
5,69.64,month-to-month,fiber,0,1
33,24.3,two-year,dsl,1,0
53,72.74,month-to-month,dsl,0,1
16,27.87,one-year,none,0,0
71,87.33,month-to-month,fiber,1,0
58,63.78,month-to-month,none,1,0
60,116.28,month-to-month,none,1,0
5,96.78,month-to-month,dsl,0,1
41,43.48,two-year,fiber,0,0
38,19.48,month-to-month,fiber,0,0
45,51.12,two-year,none,1,0
61,39.47,month-to-month,dsl,0,0
25,115.64,month-to-month,dsl,0,1
38,69.74,month-to-month,none,0,0
48,93.34,month-to-month,fiber,0,1
54,62.87,two-year,dsl,0,0
55,65.51,month-to-month,dsl,1,0
24,69.18,two-year,none,0,0
71,97.66,month-to-month,dsl,0,0
0,77.79,month-to-month,dsl,1,0
35,43.57,month-to-month,fiber,0,1
43,110.56,one-year,none,0,0
4,62.68,month-to-month,dsl,1,1
32,58.61,two-year,fiber,0,0
42,15.0,month-to-month,none,1,0
43,85.86,month-to-month,fiber,0,1
8,72.53,one-year,fiber,1,0
19,72.5,one-year,none,0,0
17,59.93,two-year,dsl,0,0
46,55.62,month-to-month,none,0,0
23,60.76,one-year,none,0,0
41,81.58,month-to-month,dsl,0,0
52,85.98,two-year,fiber,0,0
57,64.22,month-to-month,none,0,0
13,93.72,two-year,dsl,0,0
65,68.03,month-to-month,dsl,0,0
11,57.39,one-year,dsl,0,0
1,74.96,two-year,fiber,0,0
3,36.02,two-year,fiber,1,0
14,75.82,month-to-month,dsl,1,0
62,31.45,month-to-month,dsl,0,0
14,44.31,two-year,dsl,1,0
49,19.53,one-year,fiber,1,0
30,65.62,one-year,fiber,1,0
2,110.24,month-to-month,dsl,0,0
31,67.07,month-to-month,fiber,0,1
2,86.09,month-to-month,dsl,1,1
34,128.81,one-year,dsl,0,1
40,80.1,month-to-month,fiber,1,0
37,50.87,month-to-month,dsl,1,0
20,54.31,two-year,none,0,0
55,70.02,month-to-month,fiber,0,1
42,54.18,two-year,fiber,0,0
18,56.05,month-to-month,fiber,1,1
31,94.63,month-to-month,dsl,1,0
7,95.65,month-to-month,none,1,0
66,28.83,month-to-month,dsl,0,0
54,49.55,one-year,none,1,0
20,58.4,month-to-month,dsl,0,0
48,84.98,month-to-month,fiber,0,0
48,98.58,month-to-month,fiber,0,0
43,130.0,one-year,dsl,0,0
3,58.36,two-year,dsl,0,0
63,59.61,month-to-month,dsl,0,0
68,84.71,month-to-month,dsl,0,0
70,52.94,month-to-month,fiber,0,0
70,66.48,one-year,fiber,0,0
66,59.62,month-to-month,dsl,1,0
53,15.0,month-to-month,dsl,0,0
4,73.08,one-year,none,0,1
33,65.44,month-to-month,fiber,0,1
17,101.78,one-year,none,1,0
15,70.14,month-to-month,fiber,0,1
59,38.63,two-year,fiber,0,0
58,63.55,month-to-month,none,1,0
37,17.72,month-to-month,none,0,0
53,39.73,month-to-month,none,0,0
9,85.89,month-to-month,fiber,1,1
15,63.82,one-year,fiber,0,0
61,93.06,month-to-month,dsl,0,0
32,20.83,month-to-month,none,0,1
39,63.94,one-year,dsl,1,0
33,58.11,month-to-month,fiber,0,0
14,93.9,one-year,dsl,0,1
59,86.82,one-year,fiber,0,0
54,86.06,month-to-month,fiber,0,0
49,108.54,one-year,dsl,0,0
25,60.8,two-year,fiber,0,0
46,103.38,two-year,dsl,0,0
68,43.89,month-to-month,dsl,0,0
46,42.98,month-to-month,fiber,1,0
35,88.82,two-year,fiber,1,0
19,32.38,one-year,none,0,0
37,84.32,month-to-month,dsl,0,0
26,72.53,month-to-month,none,1,0
44,96.8,one-year,fiber,1,0
3,68.51,one-year,dsl,0,0
13,71.4,two-year,none,0,0
56,82.73,two-year,fiber,0,0
27,53.43,month-to-month,fiber,0,0
31,52.34,one-year,none,0,0
39,81.86,month-to-month,fiber,0,1
31,69.27,month-to-month,fiber,1,0
54,59.82,month-to-month,none,0,0
17,67.93,two-year,fiber,0,0
54,109.86,month-to-month,dsl,0,1
15,58.92,month-to-month,dsl,0,1
26,58.2,month-to-month,dsl,0,1
42,27.31,month-to-month,fiber,1,0
63,68.94,month-to-month,fiber,0,0
16,86.42,month-to-month,none,0,1
42,90.9,month-to-month,none,0,0
4,72.71,month-to-month,fiber,1,1
5,93.9,two-year,fiber,1,1
55,88.28,one-year,dsl,0,0
51,97.82,two-year,fiber,1,0
27,94.61,month-to-month,none,0,0
44,109.25,month-to-month,none,0,0
27,65.76,month-to-month,fiber,0,1
19,36.82,two-year,none,1,0
31,86.59,month-to-month,none,1,0
22,89.51,month-to-month,dsl,1,1
58,109.25,two-year,none,1,0
29,102.03,two-year,fiber,0,1
23,118.64,month-to-month,none,1,0
38,85.5,one-year,fiber,0,0
54,75.72,month-to-month,dsl,1,0
19,35.38,month-to-month,dsl,0,1
67,77.7,month-to-month,fiber,0,0
33,56.19,two-year,dsl,0,0
47,75.29,month-to-month,dsl,0,0
68,71.36,one-year,dsl,0,0
31,81.79,month-to-month,dsl,1,0
14,67.57,one-year,fiber,1,1
53,93.38,one-year,fiber,0,0
0,15.0,one-year,fiber,0,1
32,74.75,two-year,none,0,0
70,100.06,one-year,dsl,0,0
29,116.75,one-year,dsl,0,0
49,88.3,month-to-month,dsl,1,0
37,112.12,two-year,dsl,1,0
15,74.22,month-to-month,fiber,0,1
22,70.07,month-to-month,fiber,1,1
37,83.24,month-to-month,dsl,0,0
7,69.92,month-to-month,fiber,1,0
29,50.44,one-year,none,1,0
29,57.12,month-to-month,fiber,0,1
60,42.2,month-to-month,dsl,0,0
8,83.21,two-year,fiber,1,0
60,70.28,two-year,dsl,1,0
29,60.99,month-to-month,none,1,0
46,55.83,two-year,fiber,0,0
40,82.63,month-to-month,fiber,0,0
21,89.51,month-to-month,dsl,0,0
67,41.74,two-year,fiber,0,0
16,37.81,one-year,fiber,0,1
2,93.86,one-year,dsl,0,0
54,35.62,month-to-month,fiber,1,0
44,83.69,month-to-month,fiber,0,1
64,110.42,month-to-month,fiber,1,0
32,110.48,two-year,dsl,0,0
1,88.45,month-to-month,none,0,1
1,87.72,month-to-month,fiber,0,0
31,126.3,month-to-month,fiber,1,1
17,15.0,one-year,dsl,0,0
66,58.39,month-to-month,none,0,0
8,91.21,one-year,fiber,1,0
63,61.57,month-to-month,dsl,0,0
15,100.99,month-to-month,dsl,0,1
8,69.02,month-to-month,fiber,1,0
19,73.29,month-to-month,fiber,0,0
10,63.13,one-year,dsl,1,0
28,56.94,two-year,fiber,1,0
23,56.32,month-to-month,fiber,1,0
38,76.78,month-to-month,dsl,0,1
38,50.64,month-to-month,fiber,0,0
0,93.83,two-year,fiber,1,0
8,86.33,two-year,fiber,0,0
11,97.49,one-year,none,0,0
14,41.78,month-to-month,dsl,1,1
6,27.51,month-to-month,fiber,1,0
22,69.9,two-year,fiber,0,0
39,130.0,month-to-month,none,1,0
22,101.66,one-year,dsl,0,0
23,56.14,two-year,dsl,1,0
33,80.61,one-year,fiber,0,0
39,88.19,one-year,fiber,0,0
23,35.79,month-to-month,fiber,0,0
15,104.24,two-year,none,0,0
29,65.81,month-to-month,none,0,0
1,67.73,two-year,fiber,1,0
35,70.59,month-to-month,dsl,0,0
67,98.61,one-year,none,1,0
28,51.12,two-year,none,0,0
7,27.33,one-year,dsl,0,1
50,78.07,month-to-month,fiber,0,0
9,18.91,month-to-month,none,1,0
13,62.47,two-year,fiber,0,0
10,99.67,one-year,fiber,0,1
63,84.48,month-to-month,fiber,0,0
70,96.06,two-year,dsl,1,0
41,85.51,two-year,fiber,1,0
44,130.0,two-year,dsl,1,0
46,55.29,one-year,none,1,0
43,79.95,two-year,dsl,1,0
39,59.05,two-year,none,1,0
71,93.92,month-to-month,none,1,0
52,68.46,two-year,dsl,0,0
6,112.97,month-to-month,dsl,0,1
28,56.73,two-year,none,1,0
70,105.18,one-year,dsl,1,0
29,84.83,one-year,fiber,1,1
14,69.19,month-to-month,none,0,1
62,83.56,month-to-month,dsl,1,0
44,76.53,month-to-month,none,0,0
40,78.9,one-year,fiber,0,0
30,64.83,two-year,fiber,0,0
8,52.46,month-to-month,dsl,0,0
27,61.62,month-to-month,dsl,0,1
31,27.92,one-year,fiber,1,0
67,91.05,month-to-month,none,1,0
22,39.12,month-to-month,dsl,0,0
10,64.56,month-to-month,fiber,0,0
30,86.2,one-year,dsl,1,0
71,90.98,one-year,fiber,1,0
34,25.63,two-year,dsl,1,0
27,67.7,month-to-month,fiber,0,1
48,81.49,month-to-month,fiber,0,1
46,71.3,one-year,none,1,0
21,103.6,two-year,fiber,0,0
69,49.45,month-to-month,dsl,1,0
42,18.77,two-year,dsl,0,0
4,90.26,one-year,fiber,1,0
29,56.57,two-year,none,0,0
66,26.04,month-to-month,fiber,0,0
28,66.04,month-to-month,dsl,0,0
40,100.76,month-to-month,dsl,0,1
44,38.42,one-year,dsl,0,0
50,128.4,two-year,fiber,0,0
62,49.05,month-to-month,none,0,0
10,72.18,month-to-month,none,0,1
37,39.52,month-to-month,dsl,0,0
38,71.04,one-year,dsl,0,0
10,66.66,two-year,fiber,1,0
48,32.76,month-to-month,fiber,0,0
8,130.0,one-year,dsl,1,0
32,57.62,month-to-month,fiber,0,1
23,57.64,two-year,dsl,0,0
11,94.23,two-year,fiber,1,0
59,115.36,month-to-month,fiber,1,0
17,98.16,one-year,fiber,1,0
18,39.97,two-year,fiber,0,0
61,75.35,two-year,dsl,0,0
63,22.97,one-year,dsl,0,0
2,92.54,month-to-month,fiber,0,1
20,29.12,one-year,fiber,1,0
51,49.92,one-year,fiber,0,1
56,69.92,month-to-month,dsl,0,0
71,81.13,two-year,fiber,0,0
39,63.48,month-to-month,dsl,0,0
0,107.98,two-year,dsl,0,0
62,88.08,month-to-month,fiber,0,0
11,86.12,month-to-month,fiber,1,1
8,39.26,month-to-month,fiber,0,0
48,112.48,one-year,fiber,0,0
43,49.92,two-year,fiber,0,0
4,113.44,month-to-month,none,0,1
12,120.55,month-to-month,fiber,0,1
42,82.82,two-year,fiber,1,0
18,95.8,one-year,none,0,1
49,15.0,month-to-month,none,0,0
29,65.12,two-year,dsl,1,0
42,97.55,month-to-month,dsl,0,0
34,93.11,month-to-month,fiber,0,1
26,39.51,month-to-month,none,1,0
24,62.66,one-year,dsl,0,0
50,15.0,month-to-month,dsl,0,0
37,80.32,two-year,fiber,1,0
42,22.92,month-to-month,fiber,1,0
41,98.26,two-year,dsl,0,0
14,99.57,month-to-month,fiber,1,0
65,58.14,month-to-month,dsl,0,0
40,83.03,month-to-month,fiber,1,0
51,64.57,month-to-month,dsl,0,0
63,76.05,month-to-month,fiber,0,0
66,41.32,two-year,none,1,0
48,85.56,two-year,dsl,0,0
56,28.97,one-year,dsl,1,0
33,24.25,month-to-month,fiber,0,0
53,66.95,two-year,dsl,1,0
23,64.72,month-to-month,fiber,0,1
51,76.81,one-year,fiber,0,0
6,53.76,one-year,fiber,0,0
65,117.14,month-to-month,fiber,0,0
17,74.02,month-to-month,none,0,0
47,75.82,two-year,fiber,1,0
0,74.93,month-to-month,none,1,1
11,95.07,one-year,none,0,0
71,84.4,two-year,dsl,0,0
60,81.05,month-to-month,fiber,0,0
16,88.4,month-to-month,dsl,1,1
9,24.38,month-to-month,none,1,0
58,25.33,two-year,fiber,0,0
71,68.1,month-to-month,fiber,0,0
12,65.06,month-to-month,fiber,0,1
47,84.5,month-to-month,fiber,0,0
20,70.5,two-year,fiber,0,1
53,84.55,two-year,fiber,0,0
30,38.86,one-year,dsl,1,0
9,69.73,two-year,dsl,0,0
23,36.47,one-year,fiber,0,0
38,79.67,two-year,none,0,0
57,23.04,month-to-month,fiber,0,0
1,78.71,month-to-month,fiber,1,0
68,33.28,two-year,fiber,1,0
46,60.41,month-to-month,fiber,0,0
63,92.37,month-to-month,dsl,0,0
66,75.68,one-year,fiber,1,0
11,28.86,one-year,none,1,0
6,53.19,month-to-month,none,1,1
55,32.47,month-to-month,fiber,0,0
13,27.63,month-to-month,dsl,0,1
10,72.94,month-to-month,dsl,0,1
33,84.01,month-to-month,none,0,0
65,81.02,month-to-month,fiber,1,0
57,85.07,one-year,dsl,0,1
37,69.7,month-to-month,fiber,0,0
14,63.17,month-to-month,fiber,0,1
24,43.17,one-year,none,0,0
49,59.0,month-to-month,fiber,1,0
11,36.97,month-to-month,fiber,0,1
37,48.87,month-to-month,fiber,0,1
0,72.22,one-year,none,1,0
23,67.05,month-to-month,fiber,0,0
17,130.0,month-to-month,fiber,0,1
49,36.36,one-year,dsl,0,0
65,66.87,two-year,fiber,0,0
10,34.41,one-year,fiber,0,0
57,60.31,two-year,dsl,0,0
47,61.32,one-year,none,0,0
69,91.12,month-to-month,dsl,1,0
65,58.76,month-to-month,fiber,1,0
7,65.22,month-to-month,fiber,0,1
53,59.24,month-to-month,dsl,0,0
42,34.97,month-to-month,fiber,0,1
8,53.7,month-to-month,dsl,0,0
18,60.45,one-year,dsl,0,0
66,71.85,one-year,none,0,0
39,83.97,month-to-month,fiber,0,1
24,64.14,month-to-month,none,0,1
23,63.7,month-to-month,fiber,0,1
60,26.98,month-to-month,dsl,1,0
20,83.49,month-to-month,fiber,0,1
11,52.6,month-to-month,dsl,1,0
41,88.68,month-to-month,fiber,0,0
71,102.91,two-year,fiber,0,0
13,65.3,month-to-month,fiber,1,1
18,44.42,one-year,fiber,0,0
33,69.58,month-to-month,none,1,0
14,78.72,month-to-month,none,0,1
46,62.11,month-to-month,dsl,0,0
18,55.9,two-year,dsl,0,0
9,84.09,month-to-month,fiber,0,1
18,82.44,month-to-month,fiber,1,1
67,61.34,two-year,fiber,0,0
67,28.65,month-to-month,dsl,0,0
36,81.41,month-to-month,none,0,0
28,50.82,one-year,fiber,0,1
59,75.36,month-to-month,fiber,0,1
13,73.78,two-year,fiber,0,0
47,22.78,month-to-month,dsl,1,0
48,72.03,one-year,fiber,1,0
51,82.86,month-to-month,fiber,0,0
15,85.93,two-year,fiber,1,0
51,72.93,two-year,fiber,1,0
44,20.57,two-year,dsl,0,0
63,101.93,two-year,none,1,0
12,80.28,one-year,fiber,0,1
44,39.92,month-to-month,fiber,0,0
59,50.31,month-to-month,fiber,1,0
20,75.78,month-to-month,dsl,0,1
53,86.99,month-to-month,dsl,1,0
7,57.8,month-to-month,dsl,1,0
51,90.64,one-year,dsl,1,0
43,25.18,one-year,none,0,0
13,43.94,two-year,fiber,0,0
4,18.39,month-to-month,fiber,0,0
53,47.56,one-year,fiber,0,0
17,107.7,one-year,dsl,1,0
35,121.45,two-year,fiber,0,0
4,75.86,one-year,none,0,1
69,54.04,month-to-month,dsl,1,0
39,64.46,month-to-month,none,0,1
67,81.83,two-year,none,1,0
11,30.93,one-year,dsl,0,0
14,55.69,two-year,none,0,0
43,105.87,one-year,dsl,0,0
43,43.86,one-year,fiber,0,1
56,51.27,one-year,dsl,1,0
66,70.33,two-year,none,0,0
59,77.08,two-year,dsl,0,0
10,54.37,month-to-month,dsl,1,1
22,71.92,month-to-month,fiber,0,0
65,85.2,month-to-month,none,0,0
39,119.04,month-to-month,fiber,0,1
62,66.84,two-year,dsl,1,0
40,68.97,two-year,dsl,1,0
3,108.19,month-to-month,dsl,0,1
34,56.27,month-to-month,fiber,0,0
59,36.89,month-to-month,dsl,1,0
47,76.26,two-year,fiber,1,0
9,96.9,one-year,fiber,0,1
15,79.03,month-to-month,fiber,1,1
61,67.57,month-to-month,dsl,0,0
70,33.79,one-year,fiber,0,0
54,68.54,month-to-month,fiber,1,0
7,100.83,two-year,none,1,0
44,39.15,two-year,dsl,0,0
59,63.88,month-to-month,none,1,0
46,60.31,month-to-month,dsl,0,0
42,52.56,month-to-month,fiber,1,0
33,76.2,month-to-month,dsl,0,0
17,81.08,month-to-month,fiber,1,0
20,80.82,month-to-month,none,0,0
53,45.58,month-to-month,fiber,0,0
5,28.85,two-year,none,1,0
6,76.56,month-to-month,dsl,0,1
28,57.35,two-year,none,0,0
55,115.96,month-to-month,fiber,1,0
47,117.11,month-to-month,dsl,0,0
42,119.77,month-to-month,fiber,1,0
38,46.5,month-to-month,none,0,1
7,84.23,month-to-month,fiber,0,1
23,91.77,two-year,fiber,0,0
5,88.96,two-year,dsl,0,0
54,61.14,month-to-month,dsl,0,0
54,101.98,month-to-month,dsl,0,0
18,70.01,month-to-month,dsl,0,1
21,73.2,one-year,fiber,0,0
22,31.55,month-to-month,dsl,1,0
64,86.12,month-to-month,fiber,0,0
35,63.49,two-year,dsl,0,0
54,81.62,two-year,fiber,0,0
32,75.88,one-year,fiber,1,0
50,74.52,month-to-month,none,0,0
38,68.86,month-to-month,none,1,0
20,89.66,month-to-month,none,0,0
63,65.03,one-year,dsl,1,0
51,33.62,one-year,fiber,0,0
55,84.22,month-to-month,fiber,0,1
68,49.77,two-year,fiber,0,0
17,36.89,month-to-month,dsl,1,0
6,44.44,one-year,fiber,0,0
41,77.08,month-to-month,none,1,0
23,67.59,month-to-month,fiber,0,0
31,16.68,month-to-month,fiber,0,1
16,60.41,one-year,none,1,0
28,99.23,month-to-month,fiber,0,1
28,58.72,month-to-month,fiber,1,0
25,65.86,one-year,dsl,1,0
53,96.07,one-year,none,0,0
42,89.89,one-year,fiber,0,1
34,95.54,one-year,fiber,0,0
8,15.0,one-year,fiber,1,1
41,113.34,one-year,dsl,0,1
12,85.91,month-to-month,fiber,1,0
22,130.0,month-to-month,dsl,0,0
29,50.44,month-to-month,dsl,1,0
10,25.91,month-to-month,none,1,0
28,70.18,month-to-month,dsl,0,0
19,63.12,month-to-month,dsl,1,1
61,86.34,month-to-month,dsl,1,0
61,96.87,one-year,fiber,0,1
0,67.82,one-year,fiber,0,0
43,63.98,one-year,dsl,0,0
46,83.07,two-year,fiber,0,0
27,63.59,month-to-month,fiber,0,1
33,61.5,month-to-month,fiber,0,1
56,95.93,month-to-month,fiber,0,0
27,101.49,month-to-month,fiber,0,0
4,97.1,month-to-month,dsl,0,1
26,65.79,two-year,dsl,0,0
18,16.51,month-to-month,fiber,0,0
27,66.29,month-to-month,dsl,0,0
16,51.05,month-to-month,fiber,0,1
10,66.76,month-to-month,none,1,1
70,53.22,one-year,dsl,0,0
9,69.48,one-year,dsl,1,0
50,44.02,one-year,dsl,1,0
51,37.98,one-year,dsl,0,0
44,100.57,month-to-month,fiber,1,0
65,45.76,month-to-month,fiber,0,0
0,70.01,one-year,none,1,1
21,93.86,month-to-month,none,0,0
13,92.86,month-to-month,dsl,1,1
41,89.87,month-to-month,none,0,0
45,77.57,one-year,fiber,1,0
64,88.1,month-to-month,dsl,0,0
27,104.33,two-year,dsl,1,0
16,80.63,month-to-month,fiber,1,1
66,24.07,month-to-month,none,1,0
48,56.79,month-to-month,none,0,0
55,87.41,month-to-month,none,0,0
32,54.32,month-to-month,dsl,1,0
32,110.5,one-year,fiber,0,0
28,68.42,month-to-month,dsl,0,1
53,72.13,month-to-month,fiber,1,1
15,98.12,month-to-month,none,1,0
70,65.43,month-to-month,fiber,0,0
12,74.41,two-year,none,0,0
33,92.48,month-to-month,dsl,1,0
22,33.19,one-year,fiber,0,0
46,62.87,month-to-month,fiber,1,0
49,90.73,month-to-month,dsl,1,1
66,71.64,two-year,fiber,0,0
56,106.68,month-to-month,none,1,0
17,30.6,two-year,fiber,1,0
14,27.75,month-to-month,fiber,0,0
63,89.24,month-to-month,fiber,0,1
35,91.65,two-year,fiber,1,0
7,65.17,month-to-month,fiber,0,1
59,80.01,two-year,none,1,0
46,88.63,two-year,dsl,0,0
1,49.65,month-to-month,none,0,0
56,52.33,month-to-month,fiber,1,0
43,74.74,two-year,fiber,0,0
44,92.6,month-to-month,fiber,0,0
62,40.85,one-year,dsl,0,0
35,65.05,month-to-month,fiber,1,0
33,63.89,month-to-month,fiber,1,1
44,80.45,month-to-month,dsl,0,0
14,69.78,one-year,fiber,1,0
10,56.35,one-year,dsl,1,0
60,101.21,one-year,dsl,0,0
15,56.52,month-to-month,dsl,0,0
36,62.7,month-to-month,fiber,1,0
19,30.21,month-to-month,dsl,0,0
16,52.16,month-to-month,fiber,0,1
43,82.9,month-to-month,fiber,0,1
57,78.02,one-year,fiber,0,0
31,84.99,month-to-month,fiber,0,1
9,83.77,month-to-month,dsl,0,1
17,122.19,one-year,dsl,0,0
11,51.3,month-to-month,dsl,1,0
63,29.51,two-year,fiber,0,0
23,43.74,month-to-month,fiber,0,0
26,52.41,month-to-month,fiber,0,0
5,45.64,two-year,none,0,0
32,72.34,one-year,fiber,1,0
65,101.32,two-year,fiber,0,0
29,108.49,month-to-month,fiber,1,0
46,82.61,month-to-month,dsl,0,0
13,123.53,one-year,fiber,1,0
10,61.09,month-to-month,fiber,1,0
52,29.19,one-year,dsl,0,0
4,96.33,month-to-month,dsl,1,0
32,24.04,month-to-month,dsl,1,0
22,51.12,month-to-month,none,1,0
1,83.0,one-year,none,1,0
38,67.44,month-to-month,dsl,1,0
69,65.23,two-year,none,0,0
4,40.48,month-to-month,none,0,1
58,69.73,month-to-month,fiber,1,0
38,95.09,month-to-month,dsl,1,1
52,70.5,one-year,dsl,0,0
6,49.24,two-year,dsl,0,0
62,38.81,month-to-month,dsl,0,0
0,49.76,month-to-month,none,0,1
65,79.81,one-year,none,0,0
47,78.59,month-to-month,fiber,0,1
24,49.99,one-year,dsl,1,0
0,15.0,one-year,dsl,0,0
43,80.5,month-to-month,none,1,0
6,47.56,one-year,fiber,0,1
43,87.23,one-year,fiber,1,0
55,51.1,month-to-month,fiber,0,0
19,45.3,month-to-month,fiber,0,1
17,73.83,month-to-month,fiber,1,1
15,128.94,one-year,fiber,1,1
16,88.73,one-year,fiber,0,0
8,73.41,month-to-month,none,0,1
17,78.97,month-to-month,fiber,1,1
47,26.22,month-to-month,fiber,0,0
21,41.94,month-to-month,dsl,0,0
56,15.0,month-to-month,fiber,1,0
58,113.25,month-to-month,dsl,1,0
54,108.18,month-to-month,none,0,0
38,79.82,one-year,fiber,1,0
22,73.38,one-year,dsl,0,0
66,31.21,month-to-month,fiber,1,0
14,64.52,one-year,fiber,1,0
33,114.81,month-to-month,dsl,0,1
32,73.29,month-to-month,fiber,1,0
53,55.88,two-year,dsl,1,0
39,26.05,month-to-month,dsl,0,0
57,104.51,month-to-month,fiber,1,0
66,68.25,month-to-month,fiber,1,0
28,26.08,one-year,dsl,0,0
62,46.89,month-to-month,fiber,0,0
12,38.06,two-year,dsl,0,0
65,66.71,month-to-month,none,1,0
12,75.18,month-to-month,dsl,0,1
61,57.42,month-to-month,fiber,0,0
28,89.43,one-year,fiber,0,0
69,71.97,month-to-month,dsl,0,0
9,96.56,two-year,dsl,0,0
33,61.07,two-year,none,0,0
64,130.0,month-to-month,dsl,0,0
3,55.89,month-to-month,fiber,1,1
19,47.42,month-to-month,fiber,0,0
6,44.34,one-year,none,0,0
23,64.73,one-year,dsl,0,1
28,27.01,month-to-month,none,1,0
44,77.36,two-year,dsl,0,0
18,22.37,month-to-month,none,0,1
11,74.04,two-year,dsl,1,0
12,36.22,two-year,none,0,0
67,60.47,month-to-month,none,0,0
68,85.11,month-to-month,none,0,0
15,127.6,month-to-month,none,1,1
14,43.05,two-year,dsl,0,0
3,66.24,month-to-month,dsl,1,0
69,51.91,two-year,dsl,1,0
50,48.25,month-to-month,dsl,1,0
54,52.13,month-to-month,dsl,0,0
20,90.6,two-year,dsl,1,0
46,57.8,month-to-month,fiber,0,0
4,126.23,one-year,dsl,0,0
48,80.4,month-to-month,none,0,0
41,44.75,month-to-month,dsl,0,0
23,60.83,month-to-month,dsl,1,0
51,49.95,month-to-month,none,1,1
46,90.0,one-year,dsl,1,0
31,29.03,month-to-month,dsl,1,0
13,36.48,month-to-month,dsl,1,1
1,55.21,month-to-month,dsl,1,1
67,87.07,one-year,dsl,0,0
20,100.83,two-year,fiber,0,1
21,104.51,one-year,fiber,0,0
49,83.25,two-year,none,1,0
18,67.93,month-to-month,none,1,1
27,89.87,month-to-month,fiber,1,1
51,41.39,month-to-month,none,1,0
42,23.88,month-to-month,dsl,0,0
47,80.92,one-year,fiber,0,0
0,44.86,one-year,dsl,0,1
32,68.37,month-to-month,fiber,1,0
34,72.99,two-year,fiber,0,0
45,76.2,month-to-month,none,0,1
10,93.44,one-year,dsl,0,0
11,90.8,month-to-month,fiber,1,1
54,74.88,one-year,dsl,0,0
48,58.95,month-to-month,dsl,1,0
58,72.69,two-year,dsl,0,0
19,55.09,two-year,fiber,0,0
71,65.09,month-to-month,fiber,1,0
19,130.0,month-to-month,dsl,0,0
46,74.55,one-year,dsl,1,0
11,81.26,one-year,none,1,1
66,52.36,month-to-month,fiber,0,0
23,95.5,one-year,none,1,0
57,89.01,two-year,none,1,0
23,89.18,one-year,fiber,0,1
56,75.37,month-to-month,fiber,0,0
32,95.85,two-year,dsl,0,0
4,101.79,month-to-month,none,0,1
13,77.08,month-to-month,fiber,0,0
49,67.13,two-year,fiber,1,0
13,92.36,month-to-month,dsl,1,0
19,47.4,month-to-month,none,0,1
39,52.05,one-year,fiber,1,0
18,68.67,two-year,fiber,1,0
9,26.47,month-to-month,fiber,1,0
44,90.69,month-to-month,none,1,0
49,45.93,month-to-month,dsl,0,0
52,58.21,month-to-month,dsl,0,0
67,64.67,month-to-month,none,0,0
8,70.98,month-to-month,dsl,0,0
30,61.41,two-year,none,0,0
16,68.32,one-year,fiber,0,1
64,68.51,two-year,fiber,0,0
38,58.82,two-year,fiber,0,0
7,50.67,two-year,fiber,0,1
49,97.04,one-year,none,0,0
3,17.39,month-to-month,dsl,0,1
19,64.86,two-year,fiber,0,0
51,58.28,month-to-month,dsl,1,0
36,80.47,month-to-month,dsl,1,0
54,33.64,month-to-month,dsl,1,0
41,57.51,month-to-month,fiber,1,1
60,67.44,month-to-month,none,1,0
40,96.75,one-year,dsl,1,0
4,78.3,month-to-month,none,0,1
5,40.41,month-to-month,dsl,0,0
55,57.81,month-to-month,dsl,1,0
2,92.15,two-year,fiber,1,0
27,39.98,month-to-month,dsl,0,0
1,68.03,month-to-month,fiber,0,1
21,69.77,one-year,none,0,0
42,60.36,two-year,fiber,0,0
12,130.0,month-to-month,fiber,0,1
33,59.68,one-year,dsl,0,1
71,81.24,month-to-month,dsl,0,0
5,50.84,two-year,dsl,1,0
4,83.19,one-year,dsl,1,0
19,91.77,one-year,dsl,1,0
59,55.3,month-to-month,none,0,0
29,68.63,one-year,dsl,0,0
46,47.62,month-to-month,dsl,1,0
2,41.39,month-to-month,none,0,0
52,95.92,one-year,fiber,1,0
4,56.15,one-year,fiber,0,1
51,15.0,month-to-month,fiber,0,0
10,114.13,two-year,dsl,0,0
61,49.95,month-to-month,dsl,0,0
21,63.84,one-year,fiber,0,0
13,111.02,month-to-month,fiber,0,0
24,66.46,month-to-month,fiber,0,1
0,65.92,two-year,dsl,0,0
11,39.3,month-to-month,fiber,1,0
43,29.13,two-year,dsl,0,0
21,65.84,month-to-month,none,1,1
25,79.07,one-year,dsl,1,0
58,77.64,month-to-month,none,0,0
8,57.97,one-year,none,0,0
28,70.51,two-year,dsl,0,0
13,24.07,one-year,dsl,0,0
34,81.5,month-to-month,none,1,0
23,74.04,one-year,dsl,1,0
3,119.34,one-year,fiber,0,1
5,70.19,month-to-month,fiber,0,1
61,46.43,one-year,dsl,1,0
4,68.73,one-year,none,0,0
56,61.81,one-year,dsl,0,0
65,80.87,month-to-month,fiber,0,0
33,70.67,month-to-month,dsl,0,1
22,38.5,two-year,none,0,0
55,29.11,one-year,dsl,1,0
70,76.57,month-to-month,dsl,1,0
8,104.58,two-year,fiber,0,0
69,71.98,month-to-month,fiber,1,0
67,90.33,month-to-month,none,0,0
10,95.32,one-year,fiber,0,1
3,76.67,one-year,none,1,0
51,49.64,two-year,fiber,1,0
5,74.88,one-year,none,1,0
43,100.18,month-to-month,fiber,0,0
4,83.25,month-to-month,dsl,0,1
49,88.71,month-to-month,dsl,1,0
16,58.44,two-year,dsl,0,0
6,64.94,month-to-month,dsl,1,1
4,67.03,month-to-month,fiber,1,0
13,68.72,month-to-month,fiber,0,1
38,99.2,month-to-month,fiber,1,0
5,15.0,month-to-month,dsl,1,0
57,70.76,one-year,dsl,1,0
43,68.01,month-to-month,fiber,0,0
21,35.71,two-year,dsl,0,0
71,86.79,two-year,fiber,0,0
47,51.89,month-to-month,fiber,0,0
48,61.07,two-year,fiber,1,0
12,116.22,month-to-month,dsl,1,0
51,95.25,month-to-month,fiber,0,1
40,84.36,month-to-month,none,1,0
70,79.52,two-year,dsl,1,0
34,65.88,one-year,dsl,1,0
48,119.98,month-to-month,fiber,0,0
24,90.05,one-year,dsl,0,0
2,51.26,one-year,none,0,0
9,35.0,one-year,dsl,1,0
62,84.17,month-to-month,fiber,0,1
53,68.6,two-year,fiber,0,0
26,34.28,one-year,fiber,1,0
50,80.71,month-to-month,fiber,1,0
0,63.27,two-year,dsl,1,0
2,83.27,month-to-month,fiber,1,1
36,81.04,one-year,none,0,0
44,54.79,one-year,dsl,1,0
67,85.82,month-to-month,dsl,1,0
54,57.55,month-to-month,none,1,0
18,59.18,one-year,fiber,0,0
58,56.69,two-year,fiber,0,0
35,98.27,two-year,dsl,0,0
59,62.99,one-year,dsl,1,0
12,104.31,month-to-month,dsl,0,0
1,114.59,month-to-month,none,0,1
4,51.53,one-year,dsl,1,0
71,15.0,month-to-month,none,1,0
5,96.11,one-year,fiber,1,1
67,61.45,month-to-month,fiber,1,0
52,48.35,month-to-month,fiber,0,0
10,55.28,one-year,dsl,0,0
62,59.63,one-year,fiber,1,0
10,102.43,one-year,fiber,1,1
10,74.0,month-to-month,none,0,1
41,102.09,two-year,fiber,0,0
20,82.36,month-to-month,fiber,0,1
20,62.27,one-year,fiber,0,0
14,60.24,one-year,fiber,0,0
43,84.04,month-to-month,fiber,0,1
1,90.51,one-year,fiber,0,1
17,94.92,one-year,fiber,0,1
39,63.46,month-to-month,none,1,0
35,74.38,one-year,fiber,0,0
50,84.6,month-to-month,dsl,0,0
15,60.4,two-year,dsl,0,0
46,41.63,month-to-month,dsl,1,0
54,49.84,month-to-month,none,0,0
27,63.97,one-year,dsl,1,0
18,86.56,month-to-month,fiber,0,1
39,101.47,two-year,fiber,1,0
41,36.1,month-to-month,fiber,0,0
6,55.07,month-to-month,none,1,1
40,61.05,month-to-month,dsl,1,0
11,89.87,month-to-month,fiber,0,1
40,56.8,month-to-month,fiber,0,0
67,59.26,month-to-month,none,0,0
38,34.7,month-to-month,dsl,0,0
54,82.09,month-to-month,fiber,1,0
22,65.97,month-to-month,none,0,0
66,53.65,month-to-month,dsl,1,0
58,63.51,month-to-month,dsl,0,0
66,98.17,month-to-month,dsl,0,0
53,44.88,month-to-month,dsl,1,0
46,48.96,month-to-month,fiber,0,0
37,101.31,month-to-month,none,0,0
66,71.89,month-to-month,dsl,0,0
61,86.74,two-year,dsl,0,0
30,80.04,month-to-month,dsl,1,0
6,69.12,month-to-month,none,0,0
0,61.29,one-year,fiber,0,1
16,90.79,month-to-month,fiber,0,1
4,99.06,month-to-month,dsl,0,0
15,97.1,one-year,fiber,0,0
7,40.36,one-year,dsl,0,0
70,102.62,two-year,dsl,0,0
6,61.05,two-year,fiber,0,0
45,51.12,one-year,fiber,1,0
25,65.77,one-year,dsl,0,0
12,90.78,month-to-month,fiber,1,0
50,83.51,two-year,fiber,0,0
69,63.62,one-year,fiber,0,0
56,90.94,month-to-month,fiber,1,1
70,73.5,month-to-month,dsl,0,0
42,55.68,one-year,none,0,0
48,52.3,month-to-month,dsl,0,0
10,80.26,two-year,dsl,0,0
61,67.94,month-to-month,fiber,0,0
53,35.61,two-year,none,0,0
18,91.18,month-to-month,none,0,1
25,57.99,one-year,none,0,0
43,109.8,month-to-month,fiber,0,0
0,34.93,month-to-month,fiber,0,1
58,65.48,month-to-month,fiber,1,0
20,52.5,month-to-month,fiber,1,1
5,45.61,month-to-month,fiber,0,1
23,57.83,two-year,none,0,0
60,114.26,month-to-month,fiber,1,0
19,73.58,one-year,fiber,0,0
38,50.21,one-year,none,1,0
58,24.28,month-to-month,none,1,1
2,26.97,two-year,fiber,0,0
54,56.59,one-year,fiber,1,0
20,54.16,one-year,none,0,0
50,64.4,two-year,none,0,0
13,15.0,one-year,dsl,1,0
10,67.71,two-year,fiber,1,0
56,95.69,month-to-month,dsl,0,0
58,110.57,month-to-month,dsl,1,0
70,22.64,one-year,fiber,0,0
48,49.97,month-to-month,fiber,1,0
33,48.64,one-year,none,1,0
14,73.64,month-to-month,dsl,1,0
21,39.51,month-to-month,fiber,0,1
46,112.06,two-year,dsl,0,0
24,71.09,month-to-month,dsl,1,1
34,66.92,month-to-month,fiber,0,0
12,109.82,one-year,fiber,1,1
31,69.6,one-year,fiber,0,0
17,80.01,two-year,none,0,0
8,51.23,month-to-month,fiber,0,1
9,35.74,two-year,none,0,0
37,54.74,one-year,dsl,0,0
26,124.67,two-year,none,0,0
7,85.83,month-to-month,none,1,0
37,76.86,month-to-month,none,0,0
11,45.59,month-to-month,none,1,0
1,92.78,one-year,fiber,0,1
9,36.06,month-to-month,fiber,1,0
32,30.82,month-to-month,fiber,0,0
68,56.03,one-year,dsl,1,0
17,118.86,month-to-month,fiber,0,1
20,117.45,month-to-month,fiber,0,0
17,58.72,month-to-month,fiber,0,1
25,53.15,two-year,dsl,0,0
51,28.99,one-year,fiber,0,0
23,71.95,one-year,fiber,0,1
47,74.05,two-year,dsl,0,0
64,89.74,one-year,dsl,1,0
68,92.77,month-to-month,none,0,0
40,65.06,one-year,dsl,1,0
51,83.9,two-year,dsl,0,0
66,52.48,month-to-month,fiber,1,0
56,83.43,one-year,fiber,1,0
21,57.32,month-to-month,dsl,0,1
9,81.49,two-year,fiber,0,0
8,79.46,one-year,none,1,0
63,71.72,two-year,none,0,0
40,89.86,one-year,fiber,0,1
21,30.74,month-to-month,dsl,0,0
24,43.38,month-to-month,fiber,0,1
20,63.25,two-year,fiber,1,0
57,33.92,month-to-month,fiber,0,0
44,59.83,month-to-month,dsl,0,0
63,60.63,one-year,none,0,0
21,102.74,month-to-month,fiber,0,0
34,73.56,month-to-month,dsl,1,0
8,95.74,month-to-month,fiber,1,0
69,77.54,month-to-month,fiber,1,0
36,56.61,one-year,dsl,0,0
39,73.34,month-to-month,dsl,0,0
29,88.24,month-to-month,dsl,0,0
19,99.84,two-year,none,0,0
68,66.69,month-to-month,fiber,1,0
35,28.81,one-year,dsl,1,0
48,27.05,month-to-month,fiber,1,0
2,61.84,month-to-month,none,0,1
19,15.0,one-year,fiber,1,0
57,114.88,one-year,fiber,1,0
6,84.92,two-year,dsl,0,0
7,54.11,month-to-month,fiber,0,0
58,42.26,month-to-month,dsl,1,0
22,95.7,month-to-month,none,0,0
19,42.16,month-to-month,dsl,0,0
40,44.54,month-to-month,dsl,0,0
14,50.85,two-year,none,0,0
3,72.85,one-year,dsl,1,0
0,85.52,month-to-month,fiber,1,1
5,99.82,month-to-month,none,1,0
11,96.12,month-to-month,dsl,0,0
50,70.02,month-to-month,dsl,1,0
21,95.51,one-year,dsl,0,0
5,53.23,two-year,fiber,0,1
1,24.48,month-to-month,none,1,0
34,53.22,month-to-month,fiber,1,0
60,49.84,month-to-month,none,1,0
24,54.2,month-to-month,none,0,0
4,46.02,two-year,none,0,0
16,58.47,one-year,fiber,1,0
35,85.5,two-year,fiber,0,0
13,112.88,two-year,fiber,0,0
70,26.87,month-to-month,fiber,1,0
54,37.81,one-year,fiber,0,0
24,50.21,one-year,dsl,0,1
68,89.14,month-to-month,fiber,0,0
23,64.88,month-to-month,none,0,0
10,51.9,one-year,fiber,0,0
67,87.92,two-year,fiber,0,0
69,93.91,month-to-month,dsl,0,0
22,69.53,two-year,fiber,0,0
42,49.59,two-year,dsl,0,0
12,76.76,two-year,dsl,1,0
46,64.17,month-to-month,dsl,0,0
49,63.97,month-to-month,dsl,1,0
51,57.19,one-year,none,1,0
40,93.12,month-to-month,none,0,0
50,76.25,month-to-month,fiber,0,0
39,95.89,one-year,dsl,1,0
59,103.41,month-to-month,none,0,0
12,81.47,month-to-month,fiber,0,1
34,57.34,two-year,dsl,0,0
29,96.01,month-to-month,dsl,1,1
38,81.64,two-year,fiber,0,0
10,130.0,month-to-month,fiber,0,1
23,77.75,month-to-month,dsl,0,1
68,87.44,month-to-month,fiber,1,0
7,77.26,month-to-month,fiber,0,1
45,67.52,month-to-month,none,1,0
47,63.53,two-year,none,1,0
34,77.36,two-year,dsl,0,0
2,83.03,month-to-month,fiber,0,1
2,98.86,month-to-month,fiber,1,0
19,77.72,one-year,none,0,0
7,58.43,month-to-month,fiber,0,1
6,61.83,month-to-month,none,0,0
11,36.93,month-to-month,dsl,0,1
13,111.53,month-to-month,fiber,0,1
60,56.47,month-to-month,dsl,1,0
45,94.19,month-to-month,none,1,0
2,76.91,one-year,none,0,0
45,77.59,month-to-month,dsl,0,1
9,67.06,month-to-month,fiber,0,1
30,50.31,month-to-month,dsl,1,0
2,45.79,month-to-month,dsl,0,1
6,113.21,two-year,dsl,1,0
9,72.85,one-year,fiber,1,0
31,98.13,two-year,none,1,0
33,104.62,month-to-month,dsl,0,1
25,59.73,month-to-month,fiber,0,1
44,80.59,month-to-month,fiber,0,1
51,71.13,month-to-month,fiber,1,0
52,41.07,one-year,dsl,1,0
41,65.36,month-to-month,fiber,1,0
39,84.69,month-to-month,dsl,0,0
35,57.52,month-to-month,fiber,1,0
17,61.88,month-to-month,fiber,0,1
35,65.67,month-to-month,fiber,0,0
0,122.79,one-year,fiber,1,0
69,24.15,two-year,fiber,1,0
26,82.54,month-to-month,fiber,1,0
54,63.67,month-to-month,dsl,1,0
68,53.98,month-to-month,dsl,0,0
35,63.05,month-to-month,dsl,1,1
62,86.68,one-year,fiber,1,0
34,88.11,month-to-month,fiber,0,1
9,74.65,two-year,fiber,0,1
1,97.32,two-year,dsl,0,0
9,101.72,month-to-month,dsl,0,1
67,90.41,two-year,dsl,1,0
34,56.35,one-year,dsl,1,0
22,82.36,two-year,fiber,1,0
32,82.48,month-to-month,fiber,0,1
18,49.61,two-year,none,0,0
62,30.76,month-to-month,fiber,0,0
71,19.43,month-to-month,fiber,1,0
6,71.75,two-year,fiber,0,1
51,77.45,month-to-month,none,0,0
24,40.46,month-to-month,none,1,0
3,96.15,month-to-month,fiber,0,1
66,73.81,month-to-month,fiber,1,0
4,103.74,month-to-month,dsl,1,0
14,79.26,month-to-month,fiber,1,0
1,43.34,month-to-month,fiber,1,0
33,81.46,two-year,dsl,1,0
43,86.75,month-to-month,fiber,0,1
23,56.31,two-year,fiber,0,0
5,33.95,one-year,dsl,0,0
8,72.51,one-year,dsl,0,0
67,44.98,one-year,dsl,1,0
58,98.02,two-year,fiber,0,0
67,59.82,month-to-month,fiber,0,0
38,113.12,one-year,none,1,0
39,16.9,two-year,fiber,0,0
56,73.37,one-year,fiber,0,0
44,105.73,month-to-month,fiber,1,0
31,47.74,one-year,fiber,0,0
21,66.02,one-year,dsl,0,0
34,59.92,month-to-month,fiber,0,0
4,52.91,one-year,dsl,1,1
13,76.12,two-year,fiber,1,0
53,37.61,month-to-month,dsl,1,0
62,67.23,month-to-month,dsl,0,0
7,82.9,month-to-month,fiber,1,1
6,64.62,one-year,none,0,1
6,44.99,month-to-month,none,0,0
56,95.75,one-year,fiber,0,0
22,88.26,month-to-month,dsl,0,1
23,43.97,two-year,dsl,0,0
0,37.65,one-year,dsl,0,1
70,46.2,two-year,fiber,0,0
31,83.63,month-to-month,fiber,0,1
57,76.89,month-to-month,fiber,1,0
50,89.75,one-year,fiber,0,0
10,61.85,month-to-month,fiber,1,1
57,46.88,month-to-month,none,0,0
39,92.97,month-to-month,fiber,0,0
43,56.16,month-to-month,fiber,1,1
14,74.66,one-year,fiber,0,0
60,31.25,month-to-month,fiber,1,0
67,55.75,month-to-month,dsl,1,0
29,95.23,month-to-month,none,0,1
6,52.09,month-to-month,fiber,1,0
61,90.36,month-to-month,fiber,1,0
63,15.0,two-year,fiber,1,0
36,56.02,two-year,none,0,0
41,65.72,two-year,fiber,0,0
16,113.56,month-to-month,fiber,0,1
4,40.77,month-to-month,fiber,0,0
67,86.77,month-to-month,fiber,0,0
34,96.42,one-year,fiber,1,0
19,51.96,one-year,none,0,1
49,60.66,one-year,fiber,1,0
1,73.54,month-to-month,fiber,1,1
5,32.96,one-year,fiber,0,0
17,58.62,two-year,fiber,0,0
32,101.9,month-to-month,none,0,1
26,83.07,two-year,dsl,0,0
13,66.08,one-year,none,0,0
25,72.83,month-to-month,none,1,0
24,84.52,two-year,dsl,0,0
37,89.31,two-year,dsl,0,0
40,56.09,one-year,dsl,0,0
63,108.37,month-to-month,dsl,0,1
58,102.91,month-to-month,dsl,1,0
21,86.93,one-year,dsl,1,0
64,48.93,month-to-month,fiber,0,0
37,44.49,month-to-month,dsl,0,0
13,61.83,month-to-month,fiber,1,1
24,71.52,month-to-month,dsl,1,0
53,25.79,one-year,dsl,0,0
59,82.37,month-to-month,dsl,0,1
26,102.19,month-to-month,dsl,0,0
11,84.41,month-to-month,dsl,0,1
13,53.1,month-to-month,dsl,0,1
7,50.14,month-to-month,fiber,1,1
50,77.5,month-to-month,fiber,0,0
36,66.17,month-to-month,fiber,1,1
32,81.08,month-to-month,fiber,1,1
48,85.04,one-year,fiber,1,0
59,97.3,month-to-month,dsl,0,0
57,41.7,one-year,dsl,0,0
9,75.54,month-to-month,fiber,1,0
42,60.91,one-year,none,1,0
63,67.53,one-year,fiber,0,0
55,91.61,month-to-month,dsl,1,0
23,94.33,one-year,dsl,1,1
28,104.96,one-year,dsl,1,0
64,80.64,month-to-month,fiber,0,0
2,67.25,one-year,fiber,1,1
37,63.68,one-year,fiber,0,0
8,26.63,month-to-month,dsl,0,0
64,103.49,two-year,none,0,0
2,61.95,month-to-month,dsl,1,0
1,82.65,one-year,dsl,0,0
23,86.97,two-year,fiber,0,0
14,38.87,two-year,dsl,0,0
35,46.92,one-year,none,0,1
21,108.68,one-year,fiber,0,1
25,77.26,month-to-month,dsl,0,0
40,55.49,month-to-month,fiber,0,0
40,66.84,two-year,fiber,0,0
67,97.16,month-to-month,fiber,0,1
34,93.36,two-year,dsl,1,0
40,33.35,month-to-month,dsl,0,0
48,110.86,month-to-month,fiber,1,0
12,94.15,month-to-month,none,0,0
48,66.19,month-to-month,none,0,0
62,40.21,month-to-month,dsl,0,0
22,96.35,month-to-month,none,0,1
12,81.91,two-year,none,0,0
24,33.56,one-year,fiber,1,0
19,64.2,one-year,none,0,0
42,130.0,month-to-month,fiber,0,0
62,70.41,month-to-month,fiber,0,0
42,51.45,one-year,fiber,0,0
9,44.79,month-to-month,dsl,0,1
22,114.3,month-to-month,none,0,1
49,91.19,two-year,fiber,0,0
23,105.19,month-to-month,dsl,1,1
42,76.2,two-year,fiber,0,0
49,101.35,month-to-month,none,0,0
23,48.79,month-to-month,fiber,1,0
46,74.06,month-to-month,dsl,0,0
28,77.18,two-year,dsl,1,0
9,104.56,one-year,fiber,1,0
26,77.97,one-year,none,0,1
31,54.36,month-to-month,none,0,0
0,71.6,two-year,dsl,0,0
64,28.09,one-year,dsl,1,0
38,15.0,one-year,none,0,0
2,90.78,one-year,fiber,1,1
62,60.63,one-year,fiber,0,0
61,63.46,one-year,dsl,1,0
0,90.77,month-to-month,dsl,1,1
11,104.93,two-year,dsl,0,0
26,83.36,month-to-month,dsl,0,1
36,118.2,two-year,dsl,0,0
52,82.57,month-to-month,fiber,0,0
30,77.56,month-to-month,fiber,0,0
44,76.01,month-to-month,fiber,0,0
0,37.86,one-year,fiber,1,0
47,93.9,month-to-month,dsl,1,0
65,15.0,two-year,none,1,0
37,55.34,one-year,fiber,1,0
32,70.57,month-to-month,dsl,0,0
21,50.26,month-to-month,fiber,0,0
68,58.71,one-year,dsl,1,0
2,115.98,two-year,none,1,0
20,97.6,month-to-month,fiber,1,1
9,52.85,two-year,dsl,0,0
62,58.26,month-to-month,fiber,0,0
34,38.07,one-year,fiber,0,0
66,87.62,one-year,dsl,0,0
47,63.76,month-to-month,dsl,0,0
40,20.84,month-to-month,dsl,0,0
37,72.52,one-year,none,0,0
14,80.97,month-to-month,none,0,1
40,94.08,month-to-month,dsl,0,1
49,68.17,month-to-month,fiber,1,0
69,60.68,one-year,fiber,1,0
39,119.66,month-to-month,dsl,0,1
67,70.16,month-to-month,dsl,1,0
68,87.99,two-year,fiber,0,0
37,56.51,one-year,fiber,1,0
31,87.25,month-to-month,fiber,1,1
10,33.61,month-to-month,fiber,0,0
19,58.45,month-to-month,dsl,0,0
63,39.79,month-to-month,none,1,0
9,54.88,month-to-month,dsl,1,0
28,101.26,month-to-month,none,0,1
50,54.69,month-to-month,dsl,0,0
17,87.96,one-year,fiber,0,0
70,107.93,month-to-month,dsl,1,0
46,69.31,month-to-month,none,0,0
2,94.84,two-year,dsl,0,0
17,83.28,month-to-month,dsl,0,1
53,72.91,one-year,dsl,0,0
62,88.76,month-to-month,fiber,0,0
66,116.0,one-year,fiber,1,0
61,54.07,month-to-month,fiber,1,0
5,46.02,month-to-month,fiber,0,1
52,44.55,two-year,none,1,0
7,94.86,month-to-month,fiber,1,1
5,98.23,month-to-month,fiber,0,0
49,56.57,month-to-month,dsl,0,0
34,16.6,month-to-month,none,0,0
46,53.13,month-to-month,dsl,1,0
61,83.7,month-to-month,fiber,1,1
4,68.33,month-to-month,fiber,0,1
37,74.51,one-year,dsl,0,0
60,56.92,two-year,none,0,0
31,95.35,month-to-month,fiber,0,1
37,78.58,two-year,none,1,0
35,84.66,month-to-month,dsl,1,0
65,73.98,month-to-month,dsl,0,0
3,83.11,one-year,fiber,0,0
63,81.46,one-year,none,0,0
58,46.8,month-to-month,dsl,0,0
58,79.33,two-year,fiber,0,0
29,89.79,two-year,fiber,0,0
37,98.88,month-to-month,fiber,1,0
26,80.4,one-year,fiber,0,0
18,45.87,one-year,fiber,1,0
63,49.72,two-year,fiber,1,0
36,59.12,one-year,dsl,0,1
52,74.74,month-to-month,dsl,1,0
7,66.94,one-year,dsl,0,0
56,41.91,month-to-month,dsl,0,0
47,41.76,one-year,fiber,0,0
71,17.54,one-year,fiber,0,0
9,15.0,one-year,dsl,1,1
38,66.71,month-to-month,dsl,1,0
36,128.01,month-to-month,fiber,1,1
38,114.92,one-year,none,0,0
3,45.54,month-to-month,dsl,1,0
34,73.75,month-to-month,none,1,0
21,33.39,month-to-month,dsl,1,0
44,37.2,two-year,fiber,1,0
16,40.06,month-to-month,none,0,1
31,64.36,one-year,none,0,0
44,65.44,month-to-month,none,0,0
4,76.32,two-year,none,0,0
56,86.58,month-to-month,none,1,0
51,61.58,month-to-month,dsl,1,0
4,70.91,month-to-month,fiber,1,1
4,42.65,month-to-month,dsl,0,1
61,36.39,two-year,dsl,0,0
20,32.53,one-year,dsl,0,0
61,86.23,one-year,dsl,1,0
35,61.55,one-year,dsl,1,0
24,23.22,two-year,none,1,0
19,68.42,two-year,dsl,1,0
47,38.78,one-year,fiber,0,0
7,111.51,month-to-month,dsl,0,1
28,55.53,month-to-month,fiber,1,1
24,87.04,one-year,fiber,0,0
11,97.22,one-year,dsl,0,0
25,46.13,one-year,none,0,0
38,71.9,month-to-month,fiber,0,1
48,83.84,one-year,fiber,1,0
6,72.89,month-to-month,dsl,0,0
62,79.03,month-to-month,dsl,0,0
63,36.76,two-year,fiber,1,0
49,83.85,one-year,fiber,0,0
66,57.85,month-to-month,dsl,1,0
30,78.74,month-to-month,none,1,0
59,93.0,one-year,fiber,0,0
52,86.72,month-to-month,dsl,0,0
40,78.72,month-to-month,dsl,0,0
12,86.05,one-year,fiber,0,1
40,87.21,one-year,none,0,0
64,107.39,month-to-month,fiber,0,0
70,69.15,month-to-month,fiber,0,0
32,74.1,one-year,fiber,1,0
17,93.3,month-to-month,fiber,0,1
53,57.74,month-to-month,dsl,0,0
5,36.62,month-to-month,dsl,0,0
10,82.33,month-to-month,dsl,1,0
40,64.85,two-year,dsl,0,0
71,39.81,month-to-month,fiber,0,0
23,82.51,two-year,none,1,0
31,105.78,month-to-month,none,1,0
23,29.26,one-year,fiber,1,0
31,95.56,month-to-month,dsl,1,0
0,15.0,one-year,none,0,0
42,59.99,two-year,dsl,0,0
42,116.01,month-to-month,fiber,0,0
22,61.79,month-to-month,fiber,1,1
19,72.25,two-year,none,1,0
54,89.07,two-year,dsl,1,0
13,27.09,two-year,dsl,0,0
3,71.8,month-to-month,none,1,0
2,71.61,month-to-month,fiber,1,0
63,116.56,month-to-month,none,0,0
26,39.11,one-year,dsl,0,0
7,60.46,month-to-month,dsl,0,1
63,46.79,month-to-month,fiber,0,0
10,44.14,one-year,fiber,1,0
24,98.19,month-to-month,fiber,0,1
1,70.67,one-year,fiber,1,1
48,56.11,month-to-month,fiber,0,0
50,57.05,two-year,fiber,0,0
54,55.92,month-to-month,dsl,1,0
18,58.15,one-year,none,0,0
23,38.39,month-to-month,fiber,1,0
67,63.53,month-to-month,fiber,1,0
59,61.02,month-to-month,dsl,1,0
2,51.06,two-year,dsl,0,0
49,73.88,month-to-month,dsl,1,0
58,76.0,month-to-month,none,0,0
40,56.08,one-year,fiber,1,0
46,66.4,month-to-month,dsl,0,0
0,123.97,month-to-month,none,0,1
2,123.01,month-to-month,dsl,0,1
2,43.65,month-to-month,dsl,1,0
11,47.14,month-to-month,none,0,0
71,43.51,month-to-month,fiber,1,0
45,96.43,month-to-month,fiber,1,1
56,60.04,month-to-month,fiber,0,0
21,75.99,one-year,none,0,0
67,119.92,one-year,none,1,0
14,69.74,month-to-month,fiber,0,1
64,87.66,month-to-month,dsl,0,0
2,83.01,one-year,dsl,1,0
1,55.29,month-to-month,fiber,0,1
5,96.48,two-year,none,1,0
57,48.76,month-to-month,fiber,1,0
18,103.5,month-to-month,none,0,1
32,55.31,month-to-month,dsl,0,0
33,58.05,one-year,fiber,0,0
56,42.79,month-to-month,dsl,0,0
25,46.89,month-to-month,dsl,0,0
0,59.33,month-to-month,fiber,1,1
27,15.0,one-year,fiber,0,0
20,64.17,month-to-month,none,0,1
52,57.3,one-year,dsl,1,0
54,89.75,month-to-month,dsl,0,0
6,80.57,month-to-month,fiber,0,1
57,52.31,month-to-month,dsl,1,0
5,58.54,two-year,dsl,1,0
44,64.13,month-to-month,fiber,0,0
28,107.15,month-to-month,fiber,0,1
21,49.44,two-year,fiber,0,0
34,52.01,month-to-month,dsl,0,1
22,41.79,month-to-month,fiber,0,0
57,32.95,month-to-month,none,0,0
69,77.68,one-year,fiber,1,0
58,75.07,month-to-month,none,0,0
31,102.07,two-year,fiber,1,0
36,96.04,one-year,dsl,0,0
32,129.93,month-to-month,dsl,0,0
57,68.15,month-to-month,dsl,0,1
39,63.49,one-year,none,0,0
33,37.49,two-year,fiber,1,0
29,87.41,two-year,fiber,0,0
27,72.96,month-to-month,fiber,1,0
39,86.28,one-year,dsl,1,0
49,41.52,one-year,none,0,0
31,78.79,two-year,fiber,0,0
58,75.13,month-to-month,dsl,1,0
59,73.48,one-year,fiber,0,0
30,52.92,one-year,none,0,0
65,99.73,two-year,fiber,1,0
12,121.26,one-year,none,0,0
67,42.24,two-year,dsl,1,0
21,88.01,month-to-month,none,0,1
40,15.0,month-to-month,dsl,1,0
20,86.72,month-to-month,fiber,0,1
31,23.25,two-year,none,0,0
24,56.88,month-to-month,dsl,1,0
50,37.17,one-year,fiber,0,0
5,64.61,two-year,dsl,0,1
60,90.97,two-year,none,1,0
65,23.57,one-year,dsl,0,0
40,61.01,one-year,fiber,0,0
39,57.17,month-to-month,none,1,0
50,109.53,month-to-month,fiber,1,0
14,80.79,month-to-month,fiber,0,1
53,40.57,one-year,fiber,1,0
15,58.22,month-to-month,fiber,1,1
48,108.9,month-to-month,dsl,0,0
22,87.86,one-year,fiber,1,0
53,47.04,month-to-month,fiber,0,1
56,63.32,two-year,fiber,1,0
15,64.12,month-to-month,none,1,1
44,56.55,two-year,dsl,0,0
35,27.24,month-to-month,dsl,0,0
21,53.06,one-year,dsl,0,0
42,104.73,one-year,fiber,0,0
71,60.47,month-to-month,none,1,0
0,67.42,month-to-month,fiber,1,0
68,73.51,two-year,fiber,1,0
61,125.45,month-to-month,fiber,0,1
38,70.22,one-year,fiber,0,0
43,97.35,month-to-month,fiber,1,0
26,55.05,one-year,dsl,0,0
9,63.52,month-to-month,fiber,0,1
41,70.31,one-year,fiber,0,0
58,50.65,one-year,dsl,1,0
16,64.91,month-to-month,dsl,1,0
51,92.2,month-to-month,none,0,0
53,49.99,two-year,fiber,1,0
54,70.0,one-year,none,1,1
24,87.72,two-year,dsl,1,0
28,49.39,one-year,dsl,0,0
29,97.39,one-year,fiber,0,0
61,71.82,one-year,dsl,0,0
64,65.87,two-year,fiber,1,0
29,19.8,month-to-month,dsl,0,0
69,60.66,month-to-month,dsl,0,0
41,79.29,two-year,fiber,0,0
27,113.63,two-year,fiber,0,0
0,84.2,month-to-month,none,1,0
43,98.16,month-to-month,dsl,0,0
46,39.77,one-year,dsl,1,0
69,66.83,one-year,none,1,0
51,100.52,month-to-month,fiber,1,0
2,47.81,one-year,dsl,0,1
40,94.13,month-to-month,dsl,1,0
53,88.33,month-to-month,fiber,1,0
35,76.87,one-year,fiber,1,0
30,61.78,month-to-month,none,0,1
58,45.34,one-year,fiber,0,0
44,114.38,month-to-month,fiber,0,1
49,85.8,two-year,fiber,0,0
33,78.52,month-to-month,dsl,1,0
20,59.68,two-year,dsl,0,0
37,70.95,one-year,fiber,1,0
69,74.12,month-to-month,fiber,1,0
43,80.0,two-year,fiber,0,0
50,88.36,month-to-month,dsl,0,0
8,50.44,month-to-month,none,0,0
71,33.34,two-year,fiber,0,0
17,72.11,two-year,dsl,1,0
69,26.32,one-year,dsl,0,0
32,61.91,two-year,dsl,0,0
66,57.27,month-to-month,dsl,0,0
64,82.29,month-to-month,fiber,1,0
54,119.56,month-to-month,dsl,1,0
65,21.39,month-to-month,dsl,1,0
43,126.85,one-year,dsl,0,0
61,64.17,month-to-month,fiber,0,0
12,78.7,one-year,fiber,1,0
5,34.63,month-to-month,fiber,0,0
39,94.92,month-to-month,fiber,0,0
58,71.04,one-year,fiber,1,0
55,68.46,month-to-month,fiber,0,1
38,21.57,one-year,fiber,0,0
37,71.84,one-year,fiber,1,0
43,91.15,one-year,none,0,0
62,64.09,two-year,dsl,0,0
60,99.35,two-year,fiber,0,0
7,98.32,month-to-month,dsl,0,1
42,53.97,one-year,dsl,0,1
27,109.88,month-to-month,fiber,1,0
57,71.13,month-to-month,dsl,1,0
36,71.24,one-year,fiber,1,0
71,72.47,one-year,dsl,1,0
31,71.73,two-year,fiber,0,0
48,15.0,one-year,dsl,0,0
7,65.36,one-year,fiber,0,1
67,35.9,one-year,fiber,0,0
11,110.66,month-to-month,dsl,0,1
27,109.65,month-to-month,fiber,0,1
60,91.3,month-to-month,fiber,1,0
69,64.04,one-year,fiber,0,0
34,44.8,month-to-month,dsl,1,1
34,53.56,month-to-month,dsl,0,1
3,118.57,month-to-month,none,0,0
70,52.7,one-year,dsl,1,0
1,15.0,month-to-month,none,0,0
1,95.75,month-to-month,fiber,0,1
34,107.51,month-to-month,dsl,0,0
0,111.48,month-to-month,fiber,1,0
11,95.96,month-to-month,fiber,0,1
45,100.04,two-year,dsl,0,0
50,71.32,month-to-month,none,0,0
21,18.09,month-to-month,dsl,0,0
57,70.7,one-year,fiber,1,0
43,85.54,one-year,dsl,0,1
16,66.62,month-to-month,fiber,0,1
51,65.48,month-to-month,dsl,1,0
42,45.9,two-year,fiber,1,0
58,44.96,two-year,fiber,0,0
11,115.95,month-to-month,fiber,0,0
16,116.86,one-year,none,1,0
21,69.93,month-to-month,fiber,0,0
24,77.04,month-to-month,fiber,0,1
63,45.48,month-to-month,fiber,1,0
52,86.06,one-year,dsl,0,0
39,113.99,month-to-month,fiber,0,1
38,31.77,month-to-month,dsl,0,0
63,81.6,month-to-month,fiber,0,0
32,83.48,month-to-month,fiber,0,0
16,83.19,month-to-month,fiber,0,1
9,111.07,month-to-month,fiber,0,0
23,120.9,one-year,dsl,0,0
47,64.16,month-to-month,fiber,0,0
33,86.83,month-to-month,dsl,0,1
30,72.11,one-year,fiber,1,0
34,54.2,month-to-month,fiber,1,0
70,76.77,month-to-month,fiber,0,0
71,86.79,two-year,dsl,0,0
11,75.42,one-year,fiber,0,1
8,47.97,month-to-month,dsl,1,0
17,58.41,month-to-month,none,0,0
61,58.6,month-to-month,fiber,0,0
33,48.94,month-to-month,fiber,1,0
62,77.84,two-year,fiber,1,0
46,80.45,one-year,fiber,1,0
39,94.49,month-to-month,fiber,0,1
20,48.56,month-to-month,dsl,1,0
24,55.56,month-to-month,dsl,0,1
10,108.86,month-to-month,dsl,1,1
37,65.89,month-to-month,fiber,0,0
20,70.75,month-to-month,dsl,1,1
21,65.62,two-year,dsl,1,0
2,98.33,one-year,dsl,1,0
57,99.3,two-year,dsl,1,0
67,97.83,two-year,dsl,0,0
35,70.66,two-year,dsl,0,0
38,48.19,two-year,fiber,0,0
66,118.13,month-to-month,dsl,1,1
36,91.41,month-to-month,dsl,0,1
44,58.58,month-to-month,fiber,0,0
30,105.6,one-year,fiber,0,1
37,56.61,one-year,fiber,1,0
37,105.27,month-to-month,dsl,0,1
51,106.96,two-year,fiber,0,0
43,46.96,one-year,none,0,0
36,84.54,one-year,none,0,0
5,89.55,month-to-month,none,0,1
65,130.0,month-to-month,fiber,0,1
63,51.44,month-to-month,dsl,1,0
13,105.81,month-to-month,none,0,1
21,70.43,one-year,dsl,1,0
70,38.97,month-to-month,fiber,0,0
23,67.0,month-to-month,none,0,0
58,70.06,month-to-month,dsl,1,0
56,43.53,one-year,dsl,1,0
61,77.8,month-to-month,none,0,0
1,93.95,two-year,none,0,0
34,75.96,month-to-month,dsl,0,1
40,56.45,two-year,fiber,0,0
60,66.29,month-to-month,dsl,0,0
16,69.89,month-to-month,dsl,0,1
22,75.43,two-year,dsl,0,0
12,97.75,one-year,fiber,0,0
54,76.8,one-year,dsl,1,0
71,34.93,one-year,dsl,0,0
10,55.94,month-to-month,none,1,0
16,74.15,one-year,none,0,1
22,98.1,month-to-month,fiber,1,1
64,102.45,one-year,dsl,1,0
32,114.37,two-year,dsl,0,0
20,73.27,two-year,dsl,0,0
23,89.08,one-year,fiber,0,0
43,33.64,one-year,dsl,1,0
27,80.75,month-to-month,dsl,0,1
10,43.12,month-to-month,dsl,1,1
59,68.44,two-year,none,1,0
30,130.0,one-year,none,0,0
18,77.59,month-to-month,none,1,0
52,48.4,one-year,none,1,0
53,80.19,month-to-month,dsl,1,0
11,57.07,two-year,none,0,0
5,45.98,two-year,none,0,0
3,122.58,month-to-month,dsl,0,1
55,96.67,month-to-month,fiber,0,0
45,78.64,one-year,fiber,0,0
57,60.2,month-to-month,dsl,1,0
45,62.23,two-year,dsl,0,0
28,108.56,month-to-month,dsl,0,1
42,77.66,month-to-month,dsl,0,0
52,15.0,month-to-month,dsl,1,0
28,130.0,one-year,fiber,0,1
65,74.58,one-year,fiber,0,0
64,78.58,two-year,dsl,0,0
57,97.17,two-year,fiber,0,0
71,81.64,one-year,none,0,0
28,88.67,month-to-month,none,0,1
8,59.41,month-to-month,dsl,0,0
34,39.26,two-year,dsl,0,0
53,77.01,month-to-month,none,0,0
56,105.79,two-year,none,1,0
27,53.8,two-year,dsl,0,0
21,51.8,one-year,none,1,0
32,100.53,one-year,dsl,0,0
57,58.57,two-year,fiber,0,0
4,59.74,one-year,dsl,1,0
23,60.67,one-year,dsl,0,0
16,68.38,month-to-month,none,0,1
58,30.66,month-to-month,fiber,0,0
33,56.52,month-to-month,fiber,1,0
6,75.76,two-year,dsl,0,0
18,75.58,one-year,none,0,0
3,98.95,one-year,dsl,0,0
34,115.98,month-to-month,fiber,0,1
71,107.81,two-year,none,0,0
40,92.87,month-to-month,dsl,1,0
62,66.28,one-year,none,1,0
53,54.42,month-to-month,none,1,0
63,70.45,two-year,fiber,0,0
22,84.64,one-year,none,0,0
68,90.55,month-to-month,dsl,0,1
17,85.58,month-to-month,none,0,1
31,66.97,month-to-month,fiber,0,1
49,89.67,month-to-month,dsl,0,1
20,101.52,month-to-month,fiber,0,1
19,92.0,month-to-month,fiber,1,1
9,69.2,month-to-month,none,1,0
0,49.15,month-to-month,fiber,1,1
36,48.56,one-year,fiber,0,0
71,52.97,month-to-month,none,1,0
15,76.43,month-to-month,fiber,0,1
31,83.0,two-year,dsl,0,0
67,34.64,month-to-month,none,0,0
55,57.4,one-year,dsl,0,0
0,76.08,two-year,fiber,0,1
36,47.51,one-year,dsl,1,0
10,80.85,month-to-month,dsl,0,0
17,62.31,month-to-month,fiber,1,0
17,51.91,two-year,dsl,0,0
44,71.33,two-year,fiber,1,0
14,79.81,month-to-month,fiber,1,1
18,48.79,one-year,fiber,0,0
16,63.93,two-year,none,1,0
25,81.69,two-year,fiber,1,0
47,50.95,month-to-month,fiber,0,0
28,28.56,month-to-month,none,1,0
23,31.59,month-to-month,fiber,1,0
37,59.55,month-to-month,none,0,0
44,37.04,one-year,none,0,1
1,61.31,month-to-month,dsl,0,1
64,111.62,month-to-month,fiber,0,0
65,35.54,month-to-month,fiber,1,0
43,62.93,two-year,fiber,1,0
41,123.31,two-year,fiber,1,0
50,80.2,two-year,dsl,0,0
31,60.81,two-year,fiber,0,0
26,66.08,two-year,none,0,0
25,80.73,month-to-month,fiber,0,0
11,112.39,month-to-month,fiber,1,0
60,56.73,two-year,fiber,0,0
23,51.06,one-year,fiber,0,0
20,35.53,month-to-month,dsl,0,1
69,72.58,two-year,dsl,1,0
36,34.86,month-to-month,fiber,0,0
44,58.41,two-year,dsl,0,0
17,47.28,one-year,dsl,0,0
19,96.85,month-to-month,none,0,1
52,57.29,two-year,fiber,0,1
32,79.92,one-year,dsl,1,0
10,29.9,one-year,fiber,0,0
60,73.29,one-year,fiber,0,0
28,39.92,month-to-month,dsl,1,0
48,59.36,month-to-month,fiber,1,0
24,125.28,month-to-month,dsl,1,1
40,93.3,month-to-month,dsl,0,0
55,66.79,month-to-month,fiber,1,0
63,130.0,month-to-month,none,1,0
14,47.12,month-to-month,fiber,0,0
48,99.13,one-year,none,0,0
65,31.68,month-to-month,dsl,0,0
46,63.9,month-to-month,fiber,1,0
10,36.31,two-year,fiber,0,0
13,76.43,two-year,dsl,1,0
14,71.4,two-year,dsl,1,0
7,62.31,month-to-month,dsl,1,1
54,97.3,one-year,fiber,0,0
69,55.82,month-to-month,fiber,1,0
37,78.17,one-year,dsl,0,0
43,90.51,two-year,none,1,0
55,32.92,month-to-month,fiber,0,0
29,51.29,two-year,none,0,0
34,71.35,one-year,dsl,0,0
42,85.75,month-to-month,dsl,1,1
21,105.53,month-to-month,dsl,1,0
4,64.6,two-year,fiber,0,0
40,62.09,month-to-month,fiber,0,0
59,48.19,month-to-month,dsl,1,0
5,78.25,month-to-month,none,0,0
15,62.57,two-year,dsl,0,0
18,63.15,month-to-month,fiber,1,0
57,67.65,two-year,fiber,0,0
36,83.79,one-year,dsl,0,0
38,55.91,month-to-month,dsl,0,1
46,50.7,month-to-month,fiber,0,0
19,80.79,one-year,fiber,1,0
51,15.0,month-to-month,dsl,0,0
2,54.91,month-to-month,fiber,0,0
8,41.22,month-to-month,fiber,0,1
58,100.08,two-year,dsl,0,0
47,58.98,one-year,fiber,0,0
12,55.98,month-to-month,fiber,0,0
31,68.78,month-to-month,fiber,1,1
3,55.12,month-to-month,fiber,0,0
48,59.93,one-year,none,1,0
54,72.43,month-to-month,dsl,1,1
20,59.45,two-year,fiber,0,0
25,59.27,two-year,fiber,1,0
17,44.75,month-to-month,fiber,1,1
28,41.16,two-year,none,0,0
19,71.52,one-year,dsl,0,0
17,77.67,one-year,dsl,1,1
30,34.3,month-to-month,fiber,0,0
61,89.0,two-year,none,0,0
54,89.1,month-to-month,none,0,1
21,94.37,two-year,fiber,0,0
67,77.5,month-to-month,fiber,0,0
15,85.93,month-to-month,fiber,1,0
65,124.63,two-year,dsl,0,0
22,62.46,month-to-month,fiber,0,0
38,43.86,month-to-month,fiber,0,0
14,31.65,two-year,dsl,1,0
54,113.89,month-to-month,dsl,0,1
22,114.22,two-year,fiber,0,0
62,46.89,two-year,dsl,1,0
5,51.82,month-to-month,fiber,1,1
36,61.9,one-year,dsl,0,0
11,100.61,two-year,none,1,0
64,37.82,two-year,dsl,0,0
30,20.83,month-to-month,none,0,0
48,124.19,one-year,dsl,0,0
63,77.81,one-year,dsl,0,0
38,81.36,month-to-month,dsl,1,0
4,64.87,one-year,fiber,0,1
15,81.64,month-to-month,none,1,1
15,32.14,month-to-month,dsl,0,0
65,48.98,month-to-month,none,0,0
65,72.63,two-year,dsl,1,0
34,15.0,month-to-month,dsl,1,0
64,62.44,month-to-month,fiber,0,0
17,60.9,month-to-month,fiber,0,1
48,62.43,month-to-month,dsl,0,0
28,56.22,two-year,none,1,0
17,45.1,month-to-month,none,0,1
18,24.45,month-to-month,dsl,0,1
30,73.62,two-year,fiber,1,0
24,62.5,month-to-month,fiber,1,1
15,35.62,month-to-month,fiber,0,1
24,71.56,two-year,none,1,0
9,62.63,one-year,dsl,0,0
69,58.47,month-to-month,dsl,1,0
27,16.08,one-year,none,0,0
7,87.07,one-year,fiber,1,0
41,39.17,one-year,none,1,0
63,71.58,month-to-month,dsl,1,0
25,49.79,two-year,fiber,0,0
60,60.28,one-year,dsl,1,0
43,98.81,one-year,fiber,0,1
53,83.29,two-year,dsl,0,0
21,98.25,two-year,fiber,0,0
2,78.26,one-year,fiber,1,1
24,79.9,month-to-month,dsl,0,0
66,25.47,month-to-month,fiber,1,0
56,62.06,one-year,fiber,1,0
56,64.38,month-to-month,none,1,0
63,100.59,one-year,fiber,0,0
26,57.34,one-year,dsl,1,0
23,76.62,one-year,dsl,0,0
66,75.64,month-to-month,fiber,1,0
41,98.94,two-year,none,0,0
21,66.66,one-year,fiber,1,0
20,90.69,month-to-month,fiber,1,1
63,27.38,one-year,fiber,0,0
3,29.65,month-to-month,dsl,0,0
4,15.0,one-year,fiber,0,0
53,89.65,month-to-month,fiber,1,0
0,86.84,one-year,dsl,1,0
12,92.42,month-to-month,dsl,0,0
71,53.07,month-to-month,fiber,1,0
30,55.91,month-to-month,fiber,0,1
52,66.97,month-to-month,fiber,1,0
35,106.09,two-year,fiber,1,0
6,112.35,two-year,dsl,0,0
13,89.85,month-to-month,fiber,1,1
54,78.28,month-to-month,fiber,0,1
6,103.38,one-year,fiber,0,1
42,63.6,month-to-month,dsl,1,0
25,60.23,month-to-month,dsl,0,0
26,66.77,month-to-month,fiber,0,1
68,45.53,one-year,dsl,0,0
43,65.62,two-year,dsl,1,0
44,42.06,month-to-month,fiber,1,1
25,95.63,two-year,fiber,1,0
27,83.59,two-year,fiber,1,0
49,105.74,two-year,none,1,0
2,29.27,one-year,fiber,1,0
17,117.54,two-year,fiber,1,0
43,30.69,one-year,dsl,0,0
44,40.04,two-year,dsl,1,0
6,54.48,month-to-month,none,0,0
56,102.69,one-year,fiber,0,1
39,75.64,one-year,fiber,0,1
17,63.9,month-to-month,dsl,0,1
54,50.18,month-to-month,dsl,1,0
71,35.6,month-to-month,none,0,0
30,98.32,month-to-month,dsl,1,0
20,89.97,month-to-month,dsl,0,1
21,103.81,month-to-month,fiber,1,0
42,79.92,month-to-month,none,0,0
3,15.0,one-year,dsl,1,0
34,38.89,month-to-month,fiber,0,0
1,81.62,month-to-month,dsl,1,0
2,60.76,month-to-month,dsl,1,1
30,56.03,month-to-month,fiber,1,0
53,42.42,month-to-month,dsl,1,0
63,93.69,two-year,dsl,0,0
6,81.4,month-to-month,fiber,0,1
17,82.53,month-to-month,none,0,1
30,54.16,one-year,none,0,0
41,74.41,two-year,fiber,0,0
71,36.56,month-to-month,fiber,1,0
49,66.75,month-to-month,none,1,0
38,15.0,one-year,fiber,1,0
4,30.8,month-to-month,none,1,0
5,61.94,month-to-month,fiber,0,0
11,129.38,two-year,dsl,0,0
47,24.98,two-year,dsl,1,0
23,38.91,one-year,fiber,0,0
17,75.42,month-to-month,dsl,0,1
48,114.24,one-year,fiber,1,0
58,75.05,two-year,fiber,0,0
31,87.55,two-year,fiber,0,0
63,61.56,month-to-month,fiber,0,0
52,57.23,month-to-month,fiber,1,0
51,72.05,month-to-month,fiber,0,0
62,53.54,two-year,fiber,1,0
13,88.11,month-to-month,fiber,0,1
54,29.84,month-to-month,fiber,1,0
68,92.25,month-to-month,none,1,0
71,70.98,month-to-month,fiber,0,0
41,64.63,two-year,dsl,1,0
54,28.93,month-to-month,fiber,0,0
63,45.51,month-to-month,fiber,0,0
61,99.97,one-year,fiber,0,0
64,64.79,one-year,fiber,0,0
59,76.96,one-year,dsl,1,0
27,48.01,two-year,dsl,1,0
52,69.27,month-to-month,fiber,1,0
29,35.7,month-to-month,fiber,0,1
57,72.5,month-to-month,none,1,0
58,79.27,one-year,fiber,1,0
67,78.02,two-year,dsl,0,0
42,47.41,month-to-month,dsl,1,0
34,61.45,one-year,fiber,1,0
11,83.43,one-year,fiber,1,0
45,64.71,two-year,fiber,1,0
40,62.82,month-to-month,dsl,0,0
37,117.59,month-to-month,none,1,1
48,46.23,one-year,fiber,1,0
61,97.01,two-year,none,1,0
10,41.13,one-year,fiber,0,0
31,86.37,two-year,fiber,0,0
52,87.7,month-to-month,dsl,0,1
59,57.24,one-year,none,0,0
56,39.56,month-to-month,dsl,1,0
57,20.74,month-to-month,dsl,1,0
61,54.62,month-to-month,dsl,1,0
69,83.16,month-to-month,none,0,0
43,43.06,month-to-month,none,1,0
17,72.42,one-year,dsl,0,0
40,33.09,two-year,dsl,0,0
51,64.15,month-to-month,dsl,0,0
7,41.32,month-to-month,none,1,0
54,68.05,month-to-month,dsl,1,0
39,57.47,month-to-month,fiber,1,0
67,40.24,month-to-month,none,0,0
15,53.53,one-year,dsl,0,0
65,46.65,two-year,dsl,0,0
32,37.15,month-to-month,dsl,1,0
41,97.07,one-year,fiber,1,0
47,61.0,one-year,fiber,0,0
41,15.0,month-to-month,fiber,0,0
65,54.42,month-to-month,none,1,0
12,92.87,month-to-month,dsl,0,1
52,50.97,month-to-month,none,0,0
70,107.44,two-year,fiber,1,0
15,48.58,month-to-month,none,1,0
18,82.59,month-to-month,fiber,1,1
34,95.92,month-to-month,fiber,0,1
52,81.25,month-to-month,none,1,0
69,35.64,two-year,dsl,0,0
57,46.44,month-to-month,none,1,0
57,99.25,one-year,dsl,0,0
31,49.88,month-to-month,fiber,0,1
46,94.39,month-to-month,fiber,0,1
15,59.24,month-to-month,none,0,1
33,73.54,two-year,dsl,0,0
13,35.35,month-to-month,dsl,0,0
1,54.79,one-year,fiber,1,0
61,48.12,month-to-month,fiber,0,0
57,75.64,one-year,none,0,0
36,72.33,one-year,none,1,0
1,81.57,one-year,fiber,1,0
6,57.74,month-to-month,fiber,0,1
8,46.74,month-to-month,fiber,0,0
51,74.57,two-year,fiber,0,0
14,44.26,one-year,none,0,0
18,96.96,month-to-month,dsl,0,0
61,67.14,month-to-month,fiber,1,0
63,61.85,month-to-month,dsl,0,0
54,81.55,month-to-month,dsl,0,0
22,68.09,month-to-month,fiber,1,0
41,28.55,month-to-month,none,0,0
14,43.46,month-to-month,dsl,1,0
61,96.44,one-year,fiber,0,0
6,72.1,two-year,none,0,0
53,27.96,one-year,fiber,0,0
36,78.8,month-to-month,none,0,0
54,56.02,one-year,dsl,0,0
32,48.14,month-to-month,none,1,0
11,41.38,one-year,fiber,0,0
54,95.0,month-to-month,fiber,0,1
45,20.86,month-to-month,none,1,0
33,49.06,one-year,none,0,0
26,73.0,month-to-month,none,0,0
24,109.46,one-year,fiber,1,0
34,83.85,one-year,dsl,0,1
18,48.85,month-to-month,fiber,0,1
20,108.23,month-to-month,fiber,1,1
20,36.12,one-year,dsl,0,0
0,76.63,one-year,dsl,1,0
66,82.19,two-year,dsl,0,0
17,47.97,month-to-month,fiber,0,0
11,87.44,two-year,none,0,0
10,57.15,month-to-month,none,1,0
71,87.38,month-to-month,fiber,0,0
34,24.01,one-year,none,0,1
23,78.37,month-to-month,none,0,1
29,59.7,month-to-month,fiber,0,0
6,98.74,month-to-month,dsl,0,0
22,68.9,two-year,none,1,0
17,101.23,two-year,dsl,1,0
57,82.69,two-year,fiber,0,0
4,66.81,month-to-month,dsl,0,1
30,89.69,month-to-month,dsl,0,1
56,89.85,two-year,dsl,0,0
60,81.8,month-to-month,fiber,0,1
36,15.0,month-to-month,fiber,1,0
16,45.44,month-to-month,none,0,0
24,104.6,one-year,dsl,0,0
16,38.6,one-year,none,1,0
47,92.06,month-to-month,fiber,0,0
21,87.66,month-to-month,none,1,1
45,51.86,one-year,fiber,1,0
47,20.12,one-year,none,0,0
67,55.78,month-to-month,none,1,0
26,121.95,month-to-month,fiber,0,1
69,48.42,two-year,fiber,0,0
28,50.14,one-year,none,1,0
49,45.06,one-year,dsl,1,0
47,100.37,one-year,dsl,0,0
58,63.93,two-year,fiber,0,0
33,54.35,month-to-month,none,1,1
57,105.34,month-to-month,dsl,1,0
25,84.49,month-to-month,fiber,0,0
35,47.02,two-year,dsl,0,0
35,39.41,month-to-month,fiber,1,0
50,98.95,month-to-month,none,1,0
44,70.42,month-to-month,none,0,0
5,31.27,one-year,fiber,0,0
58,25.42,one-year,fiber,0,0
54,42.1,month-to-month,fiber,1,0
7,39.01,month-to-month,fiber,1,0
69,18.85,one-year,none,1,0
47,42.51,month-to-month,dsl,0,0
6,47.02,one-year,fiber,0,0
35,58.43,month-to-month,fiber,1,0
60,112.32,two-year,fiber,1,0
20,63.33,month-to-month,dsl,1,0
67,65.81,one-year,fiber,1,0
30,82.73,month-to-month,fiber,1,0
16,64.07,month-to-month,none,0,1
25,80.0,one-year,dsl,0,1
37,77.02,one-year,none,0,0
49,73.06,one-year,fiber,0,0
66,130.0,one-year,fiber,1,0
14,92.78,one-year,none,0,0
69,42.96,two-year,none,0,0
37,79.26,month-to-month,dsl,0,0
9,50.21,two-year,dsl,0,0
66,81.16,month-to-month,fiber,0,0
25,35.62,month-to-month,dsl,0,0
44,42.31,one-year,fiber,0,0
50,78.6,month-to-month,fiber,0,0
0,94.94,month-to-month,dsl,1,1
15,82.57,month-to-month,fiber,1,1
49,91.35,month-to-month,fiber,0,0
23,79.35,one-year,fiber,1,0
0,74.31,month-to-month,fiber,0,1
1,57.41,month-to-month,none,1,0
59,90.33,month-to-month,none,1,0
11,95.62,month-to-month,fiber,1,1
7,68.42,month-to-month,fiber,0,1
40,67.08,month-to-month,none,0,0
8,109.79,two-year,fiber,1,0
47,69.49,one-year,dsl,1,0
39,71.89,month-to-month,fiber,1,0
46,82.11,month-to-month,dsl,0,0
35,67.55,month-to-month,fiber,1,0
56,49.49,month-to-month,dsl,1,0
46,79.45,month-to-month,dsl,1,0
29,69.03,two-year,fiber,1,0
1,116.06,one-year,fiber,0,1
19,89.71,month-to-month,dsl,0,1
9,55.11,month-to-month,none,1,0
1,88.23,one-year,dsl,1,0
19,77.7,two-year,fiber,0,0
14,102.74,month-to-month,dsl,0,0
5,56.89,two-year,fiber,1,0
22,74.72,month-to-month,none,0,1
36,67.52,one-year,none,1,0
12,71.46,month-to-month,fiber,1,0
19,47.87,one-year,dsl,0,0
1,84.4,month-to-month,dsl,1,0
3,80.45,month-to-month,fiber,0,1
11,102.13,one-year,dsl,0,0
32,69.75,one-year,dsl,1,0
47,59.7,one-year,dsl,0,0
56,89.73,month-to-month,dsl,0,0
45,50.14,one-year,dsl,1,0
44,97.12,month-to-month,dsl,0,0
67,97.07,one-year,dsl,0,0
18,101.43,month-to-month,dsl,0,0
57,79.42,month-to-month,dsl,0,0
67,57.84,month-to-month,dsl,0,0
40,72.73,two-year,fiber,1,0
60,79.5,one-year,dsl,0,0
9,56.0,month-to-month,dsl,0,1
63,103.33,one-year,fiber,1,0
40,84.5,month-to-month,fiber,0,0
15,47.69,month-to-month,dsl,0,0
4,117.07,month-to-month,fiber,1,1
51,72.43,one-year,fiber,1,0
31,42.65,two-year,fiber,0,0
22,49.24,two-year,dsl,0,0
28,107.19,month-to-month,none,1,0
71,115.62,month-to-month,none,1,0
30,95.24,two-year,none,0,0
5,102.98,month-to-month,none,0,1
20,100.42,one-year,fiber,0,0
10,83.92,two-year,fiber,1,0
49,78.23,month-to-month,fiber,1,0
57,83.5,month-to-month,fiber,0,0
60,88.4,two-year,none,0,0
45,51.46,one-year,none,1,0
55,88.3,two-year,dsl,0,0
30,106.47,one-year,none,1,0
45,64.84,month-to-month,dsl,1,0
7,62.17,two-year,fiber,1,0
38,81.91,one-year,fiber,0,0
40,53.76,two-year,none,1,0
2,37.08,month-to-month,dsl,0,1
39,98.69,month-to-month,fiber,1,0
52,58.73,month-to-month,fiber,0,0
26,70.46,month-to-month,dsl,0,0
39,54.75,two-year,none,0,0
20,101.92,two-year,dsl,1,0
19,91.33,month-to-month,none,0,0
9,63.98,two-year,fiber,0,0
23,40.5,month-to-month,none,1,1
57,61.33,two-year,dsl,0,0
67,84.25,one-year,dsl,0,0
45,74.72,one-year,none,0,1
44,72.73,one-year,none,1,0
44,75.29,one-year,fiber,1,0
34,88.97,two-year,none,1,0
30,68.95,month-to-month,dsl,1,0
44,81.25,two-year,fiber,1,0
56,45.33,month-to-month,dsl,0,0
29,130.0,month-to-month,dsl,0,1
40,62.9,one-year,dsl,1,0
33,75.09,one-year,fiber,1,0
20,84.16,two-year,fiber,0,1
20,59.73,month-to-month,fiber,1,0
5,70.2,month-to-month,dsl,0,0
31,69.89,month-to-month,fiber,0,1
51,47.15,two-year,dsl,0,0
49,80.96,two-year,dsl,1,0
70,28.77,two-year,fiber,0,0
2,113.82,month-to-month,fiber,0,1
54,89.82,two-year,fiber,0,0
57,85.98,month-to-month,none,1,0
31,26.58,two-year,none,0,0
20,50.19,one-year,fiber,0,0
25,104.73,month-to-month,fiber,1,1
49,130.0,one-year,dsl,1,0
62,99.87,one-year,fiber,0,0
46,95.92,month-to-month,dsl,0,1
37,83.12,month-to-month,fiber,1,1
46,48.81,one-year,dsl,0,0
5,94.88,two-year,fiber,0,0
43,42.47,one-year,none,0,0
3,39.74,month-to-month,fiber,1,0
69,38.16,one-year,fiber,1,0
64,94.39,month-to-month,none,0,0
36,68.56,month-to-month,fiber,0,0
26,72.52,month-to-month,fiber,0,1
52,69.61,month-to-month,fiber,1,0
45,41.86,month-to-month,dsl,1,0
50,53.23,month-to-month,dsl,0,0
37,54.49,month-to-month,dsl,1,0
17,34.87,one-year,fiber,0,0
5,57.39,month-to-month,fiber,0,1
20,42.97,month-to-month,fiber,0,0
38,84.44,month-to-month,fiber,1,0
30,86.52,one-year,fiber,1,0
36,37.66,two-year,dsl,0,0
19,62.58,month-to-month,dsl,0,0
67,116.4,one-year,dsl,1,0
26,45.48,two-year,dsl,0,0
60,80.67,one-year,dsl,0,0
28,72.64,month-to-month,fiber,1,0
31,97.32,month-to-month,dsl,1,0
43,77.39,month-to-month,fiber,0,0
18,59.22,month-to-month,dsl,0,1
15,71.67,month-to-month,dsl,1,0
27,72.03,two-year,dsl,0,0
57,67.71,month-to-month,none,1,0
10,37.02,month-to-month,fiber,1,0
31,101.08,two-year,fiber,1,0
48,96.66,one-year,none,0,0
50,43.9,month-to-month,fiber,1,0
31,62.48,two-year,fiber,1,0
5,64.37,month-to-month,fiber,1,1
1,41.09,month-to-month,fiber,0,1
33,23.33,month-to-month,dsl,1,0
58,53.24,month-to-month,none,0,0
2,61.09,two-year,dsl,0,0
63,33.97,month-to-month,dsl,0,0
48,74.42,two-year,dsl,0,0
0,99.07,month-to-month,none,0,0
24,91.05,two-year,fiber,1,0
15,66.83,month-to-month,dsl,0,0
68,23.99,two-year,fiber,0,0
39,87.89,month-to-month,fiber,1,0
23,73.66,two-year,dsl,0,0
20,80.61,two-year,dsl,0,0
40,118.4,one-year,none,1,0
0,49.38,month-to-month,dsl,0,1
18,15.0,one-year,fiber,0,1
11,43.66,one-year,fiber,0,0
44,82.15,one-year,fiber,1,0
48,70.67,one-year,fiber,0,0
33,39.61,two-year,dsl,1,0
10,34.51,two-year,dsl,1,0
26,61.13,month-to-month,fiber,1,1
60,38.85,month-to-month,fiber,1,0
14,83.02,month-to-month,fiber,0,1
11,59.71,one-year,dsl,1,0
8,54.32,two-year,fiber,1,0
58,51.04,month-to-month,fiber,1,0
8,76.58,month-to-month,fiber,1,1
41,71.07,month-to-month,fiber,0,0
71,75.05,month-to-month,fiber,1,0
46,74.5,two-year,none,1,0
29,68.2,one-year,fiber,1,0
14,44.17,month-to-month,fiber,1,0
0,51.74,month-to-month,fiber,0,1
11,60.13,month-to-month,fiber,1,1
68,121.63,one-year,none,0,1
10,36.28,one-year,dsl,0,1
1,59.53,month-to-month,dsl,0,0
58,72.46,month-to-month,dsl,0,0
30,62.42,two-year,fiber,0,0
25,96.85,two-year,fiber,0,0
51,62.29,one-year,fiber,1,0
37,64.14,month-to-month,none,1,0
65,90.37,two-year,dsl,1,0
33,115.27,one-year,fiber,0,1
51,105.19,two-year,dsl,1,0
63,66.58,month-to-month,fiber,1,0
33,68.76,month-to-month,fiber,1,1
20,71.17,month-to-month,fiber,0,0
70,73.67,two-year,fiber,1,0
16,48.82,one-year,fiber,0,0
2,93.41,month-to-month,none,0,1
41,75.17,two-year,fiber,0,0
71,68.88,two-year,fiber,1,0
6,38.22,month-to-month,fiber,0,1
61,71.56,one-year,fiber,0,0
59,22.67,one-year,fiber,1,0
66,55.46,month-to-month,fiber,0,0
30,55.92,one-year,fiber,0,0
18,77.17,month-to-month,fiber,1,0
36,117.0,two-year,fiber,1,0
10,84.3,two-year,dsl,1,0
60,106.21,two-year,none,1,0
47,86.13,one-year,fiber,0,0
34,98.13,month-to-month,dsl,0,0
37,116.43,month-to-month,dsl,0,1
51,51.7,one-year,dsl,1,0
37,50.07,month-to-month,dsl,0,0
60,86.72,one-year,dsl,0,0
66,69.91,month-to-month,none,1,0
68,75.51,month-to-month,fiber,0,0
44,63.78,month-to-month,dsl,0,0
53,55.09,one-year,dsl,1,0
22,110.52,month-to-month,none,0,1
2,42.5,one-year,dsl,1,0
28,87.16,month-to-month,none,0,1
62,83.11,one-year,dsl,0,0
9,30.52,one-year,dsl,0,0
39,49.23,one-year,none,0,0
13,53.43,month-to-month,dsl,0,1
30,84.11,month-to-month,dsl,0,1
10,60.82,month-to-month,dsl,0,0
52,67.86,one-year,fiber,0,0
58,33.56,month-to-month,none,0,0
54,128.15,two-year,none,0,1
50,71.78,two-year,dsl,0,0
16,82.48,month-to-month,fiber,0,1
38,56.48,two-year,fiber,0,0
7,53.68,one-year,fiber,1,0
26,117.82,month-to-month,fiber,0,1
36,22.08,one-year,dsl,1,0
48,76.97,two-year,none,0,0
6,39.71,month-to-month,dsl,0,0
58,59.87,month-to-month,fiber,0,0
33,54.05,one-year,none,0,0
63,45.35,month-to-month,none,1,0
37,70.89,one-year,dsl,1,0
39,15.0,one-year,fiber,0,0
49,62.11,one-year,dsl,0,0
59,67.74,month-to-month,fiber,1,0
11,36.02,month-to-month,fiber,1,1
36,107.83,two-year,dsl,0,0
2,55.14,month-to-month,dsl,0,1
34,64.06,month-to-month,fiber,0,0
58,55.19,month-to-month,none,0,0
62,67.96,month-to-month,none,0,0
20,102.7,month-to-month,dsl,0,1
27,130.0,month-to-month,fiber,0,1
39,88.64,one-year,fiber,0,0
28,97.2,one-year,dsl,0,0
12,112.91,two-year,none,0,0
21,76.22,two-year,dsl,1,0
29,109.26,month-to-month,fiber,0,0
37,89.81,month-to-month,fiber,0,1
66,73.6,two-year,fiber,0,0
39,78.76,month-to-month,dsl,0,0
27,24.46,month-to-month,dsl,0,0
47,77.3,month-to-month,fiber,0,0
55,31.41,one-year,dsl,0,0
30,29.37,month-to-month,none,0,1
35,74.82,month-to-month,fiber,0,0
15,42.15,month-to-month,fiber,0,0
62,69.82,one-year,dsl,0,0
62,73.46,month-to-month,none,1,0
12,74.58,one-year,fiber,0,0
24,47.4,month-to-month,fiber,1,0
19,92.47,month-to-month,dsl,0,1
66,67.77,month-to-month,fiber,1,0
4,81.03,month-to-month,none,0,1
14,40.09,month-to-month,dsl,0,0
22,65.54,two-year,fiber,1,0
40,97.43,month-to-month,none,0,1
17,94.25,two-year,dsl,1,0
38,50.07,month-to-month,dsl,0,0
53,56.36,month-to-month,fiber,1,0
59,45.28,one-year,dsl,1,0
7,53.59,two-year,none,0,0
9,35.02,month-to-month,fiber,1,1
6,66.55,month-to-month,fiber,0,0
65,85.83,one-year,none,1,0
46,50.37,month-to-month,fiber,0,0
38,67.73,one-year,fiber,0,1
56,64.49,two-year,fiber,0,0
42,96.38,month-to-month,dsl,0,0
16,54.71,two-year,dsl,1,0
36,55.62,month-to-month,fiber,0,0
50,48.85,two-year,fiber,0,0
2,41.56,two-year,dsl,0,0
43,83.23,one-year,dsl,1,0
35,66.62,two-year,fiber,0,0
5,71.37,two-year,dsl,0,0
18,101.87,month-to-month,dsl,1,1
32,103.3,month-to-month,fiber,1,0
24,28.84,month-to-month,fiber,0,0
20,86.2,month-to-month,none,0,1
46,75.64,one-year,none,0,0
29,58.46,month-to-month,fiber,0,0
35,78.19,one-year,none,0,0
57,26.84,month-to-month,dsl,1,0
6,106.57,month-to-month,none,0,1
25,82.87,month-to-month,none,0,1
5,48.37,two-year,dsl,0,1
66,55.36,month-to-month,dsl,1,0
13,27.42,month-to-month,fiber,1,0
59,62.15,month-to-month,dsl,0,0
13,57.93,two-year,fiber,1,0
23,36.87,month-to-month,dsl,1,0
43,89.42,one-year,fiber,1,1
59,101.92,month-to-month,none,0,0
12,69.32,month-to-month,none,0,1
15,62.36,one-year,fiber,1,0
63,80.87,one-year,dsl,0,0
23,69.51,one-year,none,0,0
15,42.95,month-to-month,dsl,1,0
53,53.68,two-year,none,1,0
6,62.59,one-year,dsl,0,1
62,76.2,two-year,fiber,0,0
63,70.23,month-to-month,dsl,0,1
61,75.26,month-to-month,dsl,0,0
21,31.88,month-to-month,fiber,0,0
8,86.63,one-year,dsl,0,0
30,70.09,one-year,dsl,0,0
24,130.0,month-to-month,fiber,0,1
69,60.31,month-to-month,fiber,1,0
45,78.09,month-to-month,fiber,0,1
67,130.0,month-to-month,fiber,0,0
54,74.85,two-year,dsl,0,0
51,68.31,month-to-month,fiber,0,0
8,45.33,month-to-month,none,0,1
4,108.21,month-to-month,none,1,1
3,41.02,month-to-month,dsl,1,0
42,80.68,two-year,dsl,0,0
14,58.16,month-to-month,none,0,0
71,65.27,two-year,fiber,0,0
9,34.4,one-year,fiber,0,1
68,103.58,one-year,fiber,0,0
48,63.06,month-to-month,fiber,0,0
7,39.62,one-year,fiber,0,1
4,101.32,one-year,dsl,0,0
28,57.4,month-to-month,dsl,1,0
24,78.37,two-year,fiber,0,0
22,91.04,month-to-month,fiber,1,1
38,81.85,month-to-month,fiber,0,0
9,15.08,month-to-month,dsl,1,1
9,87.38,one-year,fiber,1,1
50,67.48,month-to-month,fiber,1,1
71,61.77,month-to-month,fiber,1,0
19,67.27,month-to-month,dsl,0,0
67,29.75,month-to-month,fiber,0,1
24,74.8,month-to-month,dsl,1,1
24,35.89,two-year,none,0,0
6,62.85,month-to-month,dsl,1,1
30,73.91,two-year,fiber,1,0
35,96.85,one-year,dsl,0,0
47,49.51,one-year,fiber,1,0
11,106.29,two-year,none,0,0
13,93.67,month-to-month,dsl,0,1
31,59.26,one-year,fiber,1,1
5,42.28,month-to-month,fiber,1,0
10,33.9,month-to-month,dsl,0,1
45,76.79,month-to-month,dsl,0,1
68,51.57,one-year,fiber,1,0
41,99.98,two-year,dsl,1,0
10,53.01,month-to-month,fiber,1,1
71,47.48,one-year,none,0,0
37,75.84,month-to-month,none,0,0
51,52.85,month-to-month,fiber,0,0
14,70.21,month-to-month,fiber,0,1
41,94.65,one-year,fiber,1,0
5,72.93,month-to-month,none,0,0
45,73.02,month-to-month,fiber,0,0
14,75.13,month-to-month,fiber,1,1
65,27.67,one-year,dsl,0,0
3,79.8,two-year,fiber,1,0
46,74.0,month-to-month,fiber,0,0
10,92.32,one-year,dsl,0,0
49,85.15,one-year,dsl,1,0
35,64.95,month-to-month,dsl,1,0
69,95.81,month-to-month,fiber,1,0
46,62.68,two-year,dsl,0,0
26,76.18,month-to-month,dsl,0,0
6,62.22,month-to-month,fiber,1,0
42,81.54,two-year,none,0,0
31,60.59,two-year,fiber,0,0
3,111.19,one-year,fiber,0,1
41,120.43,two-year,none,0,0
15,91.85,month-to-month,fiber,0,1
16,108.53,one-year,none,1,0
0,31.52,month-to-month,fiber,0,1
26,34.47,two-year,fiber,0,0
15,61.96,month-to-month,fiber,1,0
5,71.03,month-to-month,fiber,1,0
31,65.04,month-to-month,none,1,0
15,28.95,one-year,none,1,0
9,98.79,month-to-month,dsl,1,0
33,123.85,one-year,fiber,0,1
4,102.02,month-to-month,dsl,1,0
71,97.14,month-to-month,fiber,0,0
33,75.65,one-year,fiber,0,0
71,48.93,month-to-month,fiber,0,0
63,71.81,one-year,fiber,0,0
70,122.64,two-year,fiber,1,0
39,61.2,one-year,dsl,1,0
30,58.63,month-to-month,fiber,0,1
51,97.68,month-to-month,fiber,1,0
5,99.34,two-year,fiber,1,0
60,48.8,one-year,dsl,0,0
23,63.46,two-year,dsl,1,0
0,57.45,month-to-month,fiber,0,1
17,71.74,one-year,none,0,0
17,97.59,month-to-month,dsl,0,1
1,49.9,one-year,fiber,1,0
48,97.24,two-year,fiber,0,0
6,72.54,two-year,none,0,0
60,128.15,month-to-month,fiber,0,1
32,77.97,two-year,fiber,1,0
51,67.58,month-to-month,dsl,1,0
24,84.37,month-to-month,fiber,0,0
9,61.57,one-year,dsl,1,0
12,25.12,month-to-month,dsl,1,0
